"Country or Area","Year","Area","Duration of marriage","Record Type","Reliability","Source Year","Value","Value Footnotes"
"Egypt","2022","Total","Total","Data tabulated by year of occurrence","Final figure, complete","2024","258757","1"
"Egypt","2022","Total","Less than 1","Data tabulated by year of occurrence","Final figure, complete","2024","19222","1"
"Egypt","2022","Total","1","Data tabulated by year of occurrence","Final figure, complete","2024","25223","1"
"Egypt","2022","Total","2","Data tabulated by year of occurrence","Final figure, complete","2024","16621","1"
"Egypt","2022","Total","3","Data tabulated by year of occurrence","Final figure, complete","2024","16510","1"
"Egypt","2022","Total","4","Data tabulated by year of occurrence","Final figure, complete","2024","13335","1"
"Egypt","2022","Total","5","Data tabulated by year of occurrence","Final figure, complete","2024","13942","1"
"Egypt","2022","Total","6","Data tabulated by year of occurrence","Final figure, complete","2024","11779","1"
"Egypt","2022","Total","7","Data tabulated by year of occurrence","Final figure, complete","2024","8830","1"
"Egypt","2022","Total","8","Data tabulated by year of occurrence","Final figure, complete","2024","8994","1"
"Egypt","2022","Total","9","Data tabulated by year of occurrence","Final figure, complete","2024","8490","1"
"Egypt","2022","Total","10 - 14","Data tabulated by year of occurrence","Final figure, complete","2024","41817","1"
"Egypt","2022","Total","15 - 19","Data tabulated by year of occurrence","Final figure, complete","2024","5030","1"
"Egypt","2022","Total","20 +","Data tabulated by year of occurrence","Final figure, complete","2024","21643","1"
"Egypt","2022","Total","Not stated","Data tabulated by year of occurrence","Final figure, complete","2024","47321","1"
"Egypt","2021","Total","Total","Data tabulated by year of occurrence","Final figure, complete","2023","243583","1"
"Egypt","2021","Total","Less than 1","Data tabulated by year of occurrence","Final figure, complete","2023","20996","1"
"Egypt","2021","Total","1","Data tabulated by year of occurrence","Final figure, complete","2023","21420","1"
"Egypt","2021","Total","2","Data tabulated by year of occurrence","Final figure, complete","2023","15693","1"
"Egypt","2021","Total","3","Data tabulated by year of occurrence","Final figure, complete","2023","14412","1"
"Egypt","2021","Total","4","Data tabulated by year of occurrence","Final figure, complete","2023","22252","1"
"Egypt","2021","Total","5","Data tabulated by year of occurrence","Final figure, complete","2023","16112","1"
"Egypt","2021","Total","6","Data tabulated by year of occurrence","Final figure, complete","2023","12965","1"
"Egypt","2021","Total","7","Data tabulated by year of occurrence","Final figure, complete","2023","7146","1"
"Egypt","2021","Total","8","Data tabulated by year of occurrence","Final figure, complete","2023","7249","1"
"Egypt","2021","Total","9","Data tabulated by year of occurrence","Final figure, complete","2023","5865","1"
"Egypt","2021","Total","10 - 14","Data tabulated by year of occurrence","Final figure, complete","2023","18737","1"
"Egypt","2021","Total","15 - 19","Data tabulated by year of occurrence","Final figure, complete","2023","11321","1"
"Egypt","2021","Total","20 +","Data tabulated by year of occurrence","Final figure, complete","2023","18548","1"
"Egypt","2021","Total","Not stated","Data tabulated by year of occurrence","Final figure, complete","2023","50867","1"
"Egypt","2020","Total","Total","Data tabulated by year of occurrence","Final figure, complete","2022","213950","1"
"Egypt","2020","Total","Less than 1","Data tabulated by year of occurrence","Final figure, complete","2022","24725","1"
"Egypt","2020","Total","1","Data tabulated by year of occurrence","Final figure, complete","2022","19022","1"
"Egypt","2020","Total","2","Data tabulated by year of occurrence","Final figure, complete","2022","13785","1"
"Egypt","2020","Total","3","Data tabulated by year of occurrence","Final figure, complete","2022","10974","1"
"Egypt","2020","Total","4","Data tabulated by year of occurrence","Final figure, complete","2022","9354","1"
"Egypt","2020","Total","5","Data tabulated by year of occurrence","Final figure, complete","2022","7674","1"
"Egypt","2020","Total","6","Data tabulated by year of occurrence","Final figure, complete","2022","6447","1"
"Egypt","2020","Total","7","Data tabulated by year of occurrence","Final figure, complete","2022","5665","1"
"Egypt","2020","Total","8","Data tabulated by year of occurrence","Final figure, complete","2022","4944","1"
"Egypt","2020","Total","9","Data tabulated by year of occurrence","Final figure, complete","2022","4416","1"
"Egypt","2020","Total","10 - 14","Data tabulated by year of occurrence","Final figure, complete","2022","15463","1"
"Egypt","2020","Total","15 - 19","Data tabulated by year of occurrence","Final figure, complete","2022","9795","1"
"Egypt","2020","Total","20 +","Data tabulated by year of occurrence","Final figure, complete","2022","15181","1"
"Egypt","2020","Total","Not stated","Data tabulated by year of occurrence","Final figure, complete","2022","66505","1"
"Egypt","2019","Total","Total","Data tabulated by year of registration","Final figure, complete","2021","225929","1"
"Egypt","2019","Total","Less than 1","Data tabulated by year of registration","Final figure, complete","2021","29703","1"
"Egypt","2019","Total","1","Data tabulated by year of registration","Final figure, complete","2021","21413","1"
"Egypt","2019","Total","2","Data tabulated by year of registration","Final figure, complete","2021","15820","1"
"Egypt","2019","Total","3","Data tabulated by year of registration","Final figure, complete","2021","12414","1"
"Egypt","2019","Total","4","Data tabulated by year of registration","Final figure, complete","2021","9911","1"
"Egypt","2019","Total","5","Data tabulated by year of registration","Final figure, complete","2021","8433","1"
"Egypt","2019","Total","6","Data tabulated by year of registration","Final figure, complete","2021","7027","1"
"Egypt","2019","Total","7","Data tabulated by year of registration","Final figure, complete","2021","6251","1"
"Egypt","2019","Total","8","Data tabulated by year of registration","Final figure, complete","2021","5813","1"
"Egypt","2019","Total","9","Data tabulated by year of registration","Final figure, complete","2021","4640","1"
"Egypt","2019","Total","10 - 14","Data tabulated by year of registration","Final figure, complete","2021","16110","1"
"Egypt","2019","Total","15 - 19","Data tabulated by year of registration","Final figure, complete","2021","9962","1"
"Egypt","2019","Total","20 +","Data tabulated by year of registration","Final figure, complete","2021","15292","1"
"Egypt","2019","Total","Not stated","Data tabulated by year of registration","Final figure, complete","2021","63140","1"
"Egypt","2018","Total","Total","Data tabulated by year of registration","Final figure, complete","2021","211554","1"
"Egypt","2018","Total","Less than 1","Data tabulated by year of registration","Final figure, complete","2021","28066","1"
"Egypt","2018","Total","1","Data tabulated by year of registration","Final figure, complete","2021","21732","1"
"Egypt","2018","Total","2","Data tabulated by year of registration","Final figure, complete","2021","14795","1"
"Egypt","2018","Total","3","Data tabulated by year of registration","Final figure, complete","2021","11916","1"
"Egypt","2018","Total","4","Data tabulated by year of registration","Final figure, complete","2021","9505","1"
"Egypt","2018","Total","5","Data tabulated by year of registration","Final figure, complete","2021","8013","1"
"Egypt","2018","Total","6","Data tabulated by year of registration","Final figure, complete","2021","6561","1"
"Egypt","2018","Total","7","Data tabulated by year of registration","Final figure, complete","2021","5874","1"
"Egypt","2018","Total","8","Data tabulated by year of registration","Final figure, complete","2021","4949","1"
"Egypt","2018","Total","9","Data tabulated by year of registration","Final figure, complete","2021","4307","1"
"Egypt","2018","Total","10 - 14","Data tabulated by year of registration","Final figure, complete","2021","15929","1"
"Egypt","2018","Total","15 - 19","Data tabulated by year of registration","Final figure, complete","2021","8922","1"
"Egypt","2018","Total","20 +","Data tabulated by year of registration","Final figure, complete","2021","14008","1"
"Egypt","2018","Total","Not stated","Data tabulated by year of registration","Final figure, complete","2021","56977","1"
"Egypt","2017","Total","Total","Data tabulated by year of registration","Final figure, complete","2018","198269","1"
"Egypt","2017","Total","Less than 1","Data tabulated by year of registration","Final figure, complete","2018","29663","1"
"Egypt","2017","Total","1","Data tabulated by year of registration","Final figure, complete","2018","21070","1"
"Egypt","2017","Total","2","Data tabulated by year of registration","Final figure, complete","2018","13959","1"
"Egypt","2017","Total","3","Data tabulated by year of registration","Final figure, complete","2018","10847","1"
"Egypt","2017","Total","4","Data tabulated by year of registration","Final figure, complete","2018","8750","1"
"Egypt","2017","Total","5","Data tabulated by year of registration","Final figure, complete","2018","7227","1"
"Egypt","2017","Total","6","Data tabulated by year of registration","Final figure, complete","2018","6182","1"
"Egypt","2017","Total","7","Data tabulated by year of registration","Final figure, complete","2018","5435","1"
"Egypt","2017","Total","8","Data tabulated by year of registration","Final figure, complete","2018","4048","1"
"Egypt","2017","Total","9","Data tabulated by year of registration","Final figure, complete","2018","4122","1"
"Egypt","2017","Total","10 - 14","Data tabulated by year of registration","Final figure, complete","2018","14148","1"
"Egypt","2017","Total","15 - 19","Data tabulated by year of registration","Final figure, complete","2018","8213","1"
"Egypt","2017","Total","20 +","Data tabulated by year of registration","Final figure, complete","2018","13341","1"
"Egypt","2017","Total","Not stated","Data tabulated by year of registration","Final figure, complete","2018","51264","1"
"Egypt","2016","Total","Total","Data tabulated by year of registration","Final figure, complete","2018","192079","1"
"Egypt","2016","Total","Less than 1","Data tabulated by year of registration","Final figure, complete","2018","28650","1"
"Egypt","2016","Total","1","Data tabulated by year of registration","Final figure, complete","2018","21215","1"
"Egypt","2016","Total","2","Data tabulated by year of registration","Final figure, complete","2018","13842","1"
"Egypt","2016","Total","3","Data tabulated by year of registration","Final figure, complete","2018","10691","1"
"Egypt","2016","Total","4","Data tabulated by year of registration","Final figure, complete","2018","8692","1"
"Egypt","2016","Total","5","Data tabulated by year of registration","Final figure, complete","2018","7588","1"
"Egypt","2016","Total","6","Data tabulated by year of registration","Final figure, complete","2018","5847","1"
"Egypt","2016","Total","7","Data tabulated by year of registration","Final figure, complete","2018","5004","1"
"Egypt","2016","Total","8","Data tabulated by year of registration","Final figure, complete","2018","4929","1"
"Egypt","2016","Total","9","Data tabulated by year of registration","Final figure, complete","2018","4433","1"
"Egypt","2016","Total","10 - 14","Data tabulated by year of registration","Final figure, complete","2018","13643","1"
"Egypt","2016","Total","15 - 19","Data tabulated by year of registration","Final figure, complete","2018","8471","1"
"Egypt","2016","Total","20 +","Data tabulated by year of registration","Final figure, complete","2018","13109","1"
"Egypt","2016","Total","Not stated","Data tabulated by year of registration","Final figure, complete","2018","45965","1"
"Egypt","2015","Total","Total","Data tabulated by year of registration","Final figure, complete","2018","199867","1"
"Egypt","2015","Total","Less than 1","Data tabulated by year of registration","Final figure, complete","2018","29720","1"
"Egypt","2015","Total","1","Data tabulated by year of registration","Final figure, complete","2018","21660","1"
"Egypt","2015","Total","2","Data tabulated by year of registration","Final figure, complete","2018","14440","1"
"Egypt","2015","Total","3","Data tabulated by year of registration","Final figure, complete","2018","11312","1"
"Egypt","2015","Total","4","Data tabulated by year of registration","Final figure, complete","2018","9333","1"
"Egypt","2015","Total","5","Data tabulated by year of registration","Final figure, complete","2018","7582","1"
"Egypt","2015","Total","6","Data tabulated by year of registration","Final figure, complete","2018","5776","1"
"Egypt","2015","Total","7","Data tabulated by year of registration","Final figure, complete","2018","6014","1"
"Egypt","2015","Total","8","Data tabulated by year of registration","Final figure, complete","2018","4656","1"
"Egypt","2015","Total","9","Data tabulated by year of registration","Final figure, complete","2018","4006","1"
"Egypt","2015","Total","10 - 14","Data tabulated by year of registration","Final figure, complete","2018","13642","1"
"Egypt","2015","Total","15 - 19","Data tabulated by year of registration","Final figure, complete","2018","7863","1"
"Egypt","2015","Total","20 +","Data tabulated by year of registration","Final figure, complete","2018","12509","1"
"Egypt","2015","Total","Not stated","Data tabulated by year of registration","Final figure, complete","2018","51354","1"
"Egypt","2014","Total","Total","Data tabulated by year of registration","Final figure, complete","2016","180344","1"
"Egypt","2014","Total","Less than 1","Data tabulated by year of registration","Final figure, complete","2016","27803","1"
"Egypt","2014","Total","1","Data tabulated by year of registration","Final figure, complete","2016","20315","1"
"Egypt","2014","Total","2","Data tabulated by year of registration","Final figure, complete","2016","13815","1"
"Egypt","2014","Total","3","Data tabulated by year of registration","Final figure, complete","2016","10800","1"
"Egypt","2014","Total","4","Data tabulated by year of registration","Final figure, complete","2016","8343","1"
"Egypt","2014","Total","5","Data tabulated by year of registration","Final figure, complete","2016","6723","1"
"Egypt","2014","Total","6","Data tabulated by year of registration","Final figure, complete","2016","6234","1"
"Egypt","2014","Total","7","Data tabulated by year of registration","Final figure, complete","2016","5493","1"
"Egypt","2014","Total","8","Data tabulated by year of registration","Final figure, complete","2016","4087","1"
"Egypt","2014","Total","9","Data tabulated by year of registration","Final figure, complete","2016","3788","1"
"Egypt","2014","Total","10 - 14","Data tabulated by year of registration","Final figure, complete","2016","12671","1"
"Egypt","2014","Total","15 - 19","Data tabulated by year of registration","Final figure, complete","2016","6690","1"
"Egypt","2014","Total","20 +","Data tabulated by year of registration","Final figure, complete","2016","11642","1"
"Egypt","2014","Total","Not stated","Data tabulated by year of registration","Final figure, complete","2016","41940","1"
"Egypt","2013","Total","Total","Data tabulated by year of registration","Final figure, complete","2015","162583","1"
"Egypt","2013","Total","Less than 1","Data tabulated by year of registration","Final figure, complete","2015","26190","1"
"Egypt","2013","Total","1","Data tabulated by year of registration","Final figure, complete","2015","18130","1"
"Egypt","2013","Total","2","Data tabulated by year of registration","Final figure, complete","2015","11937","1"
"Egypt","2013","Total","3","Data tabulated by year of registration","Final figure, complete","2015","8878","1"
"Egypt","2013","Total","4","Data tabulated by year of registration","Final figure, complete","2015","7434","1"
"Egypt","2013","Total","5","Data tabulated by year of registration","Final figure, complete","2015","6531","1"
"Egypt","2013","Total","6","Data tabulated by year of registration","Final figure, complete","2015","5203","1"
"Egypt","2013","Total","7","Data tabulated by year of registration","Final figure, complete","2015","4497","1"
"Egypt","2013","Total","8","Data tabulated by year of registration","Final figure, complete","2015","3649","1"
"Egypt","2013","Total","9","Data tabulated by year of registration","Final figure, complete","2015","3299","1"
"Egypt","2013","Total","10 - 14","Data tabulated by year of registration","Final figure, complete","2015","11370","1"
"Egypt","2013","Total","15 - 19","Data tabulated by year of registration","Final figure, complete","2015","6143","1"
"Egypt","2013","Total","20 +","Data tabulated by year of registration","Final figure, complete","2015","10316","1"
"Egypt","2013","Total","Not stated","Data tabulated by year of registration","Final figure, complete","2015","39006","1"
"Egypt","2012","Total","Total","Data tabulated by year of registration","Final figure, complete","2014","155261","1"
"Egypt","2012","Total","Less than 1","Data tabulated by year of registration","Final figure, complete","2014","24669","1"
"Egypt","2012","Total","1","Data tabulated by year of registration","Final figure, complete","2014","17341","1"
"Egypt","2012","Total","2","Data tabulated by year of registration","Final figure, complete","2014","11865","1"
"Egypt","2012","Total","3","Data tabulated by year of registration","Final figure, complete","2014","9312","1"
"Egypt","2012","Total","4","Data tabulated by year of registration","Final figure, complete","2014","8354","1"
"Egypt","2012","Total","5","Data tabulated by year of registration","Final figure, complete","2014","6706","1"
"Egypt","2012","Total","6","Data tabulated by year of registration","Final figure, complete","2014","5506","1"
"Egypt","2012","Total","7","Data tabulated by year of registration","Final figure, complete","2014","4575","1"
"Egypt","2012","Total","8","Data tabulated by year of registration","Final figure, complete","2014","3830","1"
"Egypt","2012","Total","9","Data tabulated by year of registration","Final figure, complete","2014","3033","1"
"Egypt","2012","Total","10 - 14","Data tabulated by year of registration","Final figure, complete","2014","12299","1"
"Egypt","2012","Total","15 - 19","Data tabulated by year of registration","Final figure, complete","2014","5959","1"
"Egypt","2012","Total","20 +","Data tabulated by year of registration","Final figure, complete","2014","9849","1"
"Egypt","2012","Total","Not stated","Data tabulated by year of registration","Final figure, complete","2014","31963","1"
"Egypt","2011","Total","Total","Data tabulated by year of registration","Final figure, complete","2013","151933","1"
"Egypt","2011","Total","Less than 1","Data tabulated by year of registration","Final figure, complete","2013","24983","1"
"Egypt","2011","Total","1","Data tabulated by year of registration","Final figure, complete","2013","18054","1"
"Egypt","2011","Total","2","Data tabulated by year of registration","Final figure, complete","2013","12395","1"
"Egypt","2011","Total","3","Data tabulated by year of registration","Final figure, complete","2013","10389","1"
"Egypt","2011","Total","4","Data tabulated by year of registration","Final figure, complete","2013","8586","1"
"Egypt","2011","Total","5","Data tabulated by year of registration","Final figure, complete","2013","6823","1"
"Egypt","2011","Total","6","Data tabulated by year of registration","Final figure, complete","2013","5905","1"
"Egypt","2011","Total","7","Data tabulated by year of registration","Final figure, complete","2013","4526","1"
"Egypt","2011","Total","8","Data tabulated by year of registration","Final figure, complete","2013","3566","1"
"Egypt","2011","Total","9","Data tabulated by year of registration","Final figure, complete","2013","3201","1"
"Egypt","2011","Total","10 - 14","Data tabulated by year of registration","Final figure, complete","2013","12161","1"
"Egypt","2011","Total","15 - 19","Data tabulated by year of registration","Final figure, complete","2013","6103","1"
"Egypt","2011","Total","20 +","Data tabulated by year of registration","Final figure, complete","2013","9129","1"
"Egypt","2011","Total","Not stated","Data tabulated by year of registration","Final figure, complete","2013","26112","1"
"Egypt","2010","Total","Total","Data tabulated by year of registration","Final figure, complete","2012","149376",""
"Egypt","2010","Total","Less than 1","Data tabulated by year of registration","Final figure, complete","2012","26113",""
"Egypt","2010","Total","1","Data tabulated by year of registration","Final figure, complete","2012","19928",""
"Egypt","2010","Total","2","Data tabulated by year of registration","Final figure, complete","2012","13761",""
"Egypt","2010","Total","3","Data tabulated by year of registration","Final figure, complete","2012","10068",""
"Egypt","2010","Total","4","Data tabulated by year of registration","Final figure, complete","2012","8393",""
"Egypt","2010","Total","5","Data tabulated by year of registration","Final figure, complete","2012","6117",""
"Egypt","2010","Total","6","Data tabulated by year of registration","Final figure, complete","2012","5069",""
"Egypt","2010","Total","7","Data tabulated by year of registration","Final figure, complete","2012","4085",""
"Egypt","2010","Total","8","Data tabulated by year of registration","Final figure, complete","2012","3646",""
"Egypt","2010","Total","9","Data tabulated by year of registration","Final figure, complete","2012","3617",""
"Egypt","2010","Total","10","Data tabulated by year of registration","Final figure, complete","2012","10581",""
"Egypt","2010","Total","15","Data tabulated by year of registration","Final figure, complete","2012","6318",""
"Egypt","2010","Total","20","Data tabulated by year of registration","Final figure, complete","2012","8854",""
"Egypt","2010","Total","Not stated","Data tabulated by year of registration","Final figure, complete","2012","22826",""
"Egypt","2009","Total","Total","Data tabulated by year of registration","Final figure, complete","2011","141467",""
"Egypt","2009","Total","Less than 1","Data tabulated by year of registration","Final figure, complete","2011","23158",""
"Egypt","2009","Total","1","Data tabulated by year of registration","Final figure, complete","2011","18226",""
"Egypt","2009","Total","2","Data tabulated by year of registration","Final figure, complete","2011","12464",""
"Egypt","2009","Total","3","Data tabulated by year of registration","Final figure, complete","2011","8567",""
"Egypt","2009","Total","4","Data tabulated by year of registration","Final figure, complete","2011","7470",""
"Egypt","2009","Total","5","Data tabulated by year of registration","Final figure, complete","2011","5577",""
"Egypt","2009","Total","6","Data tabulated by year of registration","Final figure, complete","2011","4348",""
"Egypt","2009","Total","7","Data tabulated by year of registration","Final figure, complete","2011","3523",""
"Egypt","2009","Total","8","Data tabulated by year of registration","Final figure, complete","2011","3590",""
"Egypt","2009","Total","9","Data tabulated by year of registration","Final figure, complete","2011","3211",""
"Egypt","2009","Total","10 - 14","Data tabulated by year of registration","Final figure, complete","2011","8821",""
"Egypt","2009","Total","15 - 19","Data tabulated by year of registration","Final figure, complete","2011","5389",""
"Egypt","2009","Total","20 +","Data tabulated by year of registration","Final figure, complete","2011","7261",""
"Egypt","2009","Total","Not stated","Data tabulated by year of registration","Final figure, complete","2011","29862",""
"Egypt","2008","Total","Total","Data tabulated by year of registration","Final figure, complete","2009","84430",""
"Egypt","2008","Total","Less than 1","Data tabulated by year of registration","Final figure, complete","2009","13394",""
"Egypt","2008","Total","1","Data tabulated by year of registration","Final figure, complete","2009","10218",""
"Egypt","2008","Total","2","Data tabulated by year of registration","Final figure, complete","2009","7229",""
"Egypt","2008","Total","3","Data tabulated by year of registration","Final figure, complete","2009","4994",""
"Egypt","2008","Total","4","Data tabulated by year of registration","Final figure, complete","2009","4192",""
"Egypt","2008","Total","5","Data tabulated by year of registration","Final figure, complete","2009","3053",""
"Egypt","2008","Total","6","Data tabulated by year of registration","Final figure, complete","2009","2495",""
"Egypt","2008","Total","7","Data tabulated by year of registration","Final figure, complete","2009","2196",""
"Egypt","2008","Total","8","Data tabulated by year of registration","Final figure, complete","2009","1977",""
"Egypt","2008","Total","9","Data tabulated by year of registration","Final figure, complete","2009","1454",""
"Egypt","2008","Total","10 - 14","Data tabulated by year of registration","Final figure, complete","2009","5165",""
"Egypt","2008","Total","15 - 19","Data tabulated by year of registration","Final figure, complete","2009","2930",""
"Egypt","2008","Total","20 - 24","Data tabulated by year of registration","Final figure, complete","2009","4223",""
"Egypt","2008","Total","Not stated","Data tabulated by year of registration","Final figure, complete","2009","20910",""
"Egypt","2007","Total","Total","Data tabulated by year of registration","Final figure, complete","2008","77878",""
"Egypt","2007","Total","Less than 1","Data tabulated by year of registration","Final figure, complete","2008","12332",""
"Egypt","2007","Total","1","Data tabulated by year of registration","Final figure, complete","2008","9995",""
"Egypt","2007","Total","2","Data tabulated by year of registration","Final figure, complete","2008","7246",""
"Egypt","2007","Total","3","Data tabulated by year of registration","Final figure, complete","2008","4863",""
"Egypt","2007","Total","4","Data tabulated by year of registration","Final figure, complete","2008","3827",""
"Egypt","2007","Total","5","Data tabulated by year of registration","Final figure, complete","2008","2531",""
"Egypt","2007","Total","6","Data tabulated by year of registration","Final figure, complete","2008","2581",""
"Egypt","2007","Total","7","Data tabulated by year of registration","Final figure, complete","2008","2204",""
"Egypt","2007","Total","8","Data tabulated by year of registration","Final figure, complete","2008","1565",""
"Egypt","2007","Total","9","Data tabulated by year of registration","Final figure, complete","2008","1284",""
"Egypt","2007","Total","10 - 14","Data tabulated by year of registration","Final figure, complete","2008","4817",""
"Egypt","2007","Total","15 - 19","Data tabulated by year of registration","Final figure, complete","2008","2628",""
"Egypt","2007","Total","20 - 24","Data tabulated by year of registration","Final figure, complete","2008","4376",""
"Egypt","2007","Total","25 +","Data tabulated by year of registration","Final figure, complete","2008","0",""
"Egypt","2007","Total","Not stated","Data tabulated by year of registration","Final figure, complete","2008","17629",""
"Egypt","2006","Total","Total","Data tabulated by year of registration","Final figure, complete","2007","65461",""
"Egypt","2006","Total","Less than 1","Data tabulated by year of registration","Final figure, complete","2007","10862",""
"Egypt","2006","Total","1","Data tabulated by year of registration","Final figure, complete","2007","9312",""
"Egypt","2006","Total","2","Data tabulated by year of registration","Final figure, complete","2007","6467",""
"Egypt","2006","Total","3","Data tabulated by year of registration","Final figure, complete","2007","4103",""
"Egypt","2006","Total","4","Data tabulated by year of registration","Final figure, complete","2007","3144",""
"Egypt","2006","Total","5","Data tabulated by year of registration","Final figure, complete","2007","2704",""
"Egypt","2006","Total","6","Data tabulated by year of registration","Final figure, complete","2007","2188",""
"Egypt","2006","Total","7","Data tabulated by year of registration","Final figure, complete","2007","1670",""
"Egypt","2006","Total","8","Data tabulated by year of registration","Final figure, complete","2007","1315",""
"Egypt","2006","Total","9","Data tabulated by year of registration","Final figure, complete","2007","1141",""
"Egypt","2006","Total","10 - 14","Data tabulated by year of registration","Final figure, complete","2007","4193",""
"Egypt","2006","Total","15 - 19","Data tabulated by year of registration","Final figure, complete","2007","2273",""
"Egypt","2006","Total","20 +","Data tabulated by year of registration","Final figure, complete","2007","3965",""
"Egypt","2006","Total","Not stated","Data tabulated by year of registration","Final figure, complete","2007","12124",""
"Egypt","2005","Total","Total","Data tabulated by year of registration","Final figure, complete","2007","65047",""
"Egypt","2005","Total","Less than 1","Data tabulated by year of registration","Final figure, complete","2007","11388",""
"Egypt","2005","Total","1","Data tabulated by year of registration","Final figure, complete","2007","9322",""
"Egypt","2005","Total","2","Data tabulated by year of registration","Final figure, complete","2007","6583",""
"Egypt","2005","Total","3","Data tabulated by year of registration","Final figure, complete","2007","4367",""
"Egypt","2005","Total","4","Data tabulated by year of registration","Final figure, complete","2007","3944",""
"Egypt","2005","Total","5","Data tabulated by year of registration","Final figure, complete","2007","2957",""
"Egypt","2005","Total","6","Data tabulated by year of registration","Final figure, complete","2007","2201",""
"Egypt","2005","Total","7","Data tabulated by year of registration","Final figure, complete","2007","2030",""
"Egypt","2005","Total","8","Data tabulated by year of registration","Final figure, complete","2007","1465",""
"Egypt","2005","Total","9","Data tabulated by year of registration","Final figure, complete","2007","1361",""
"Egypt","2005","Total","10 - 14","Data tabulated by year of registration","Final figure, complete","2007","4701",""
"Egypt","2005","Total","15 - 19","Data tabulated by year of registration","Final figure, complete","2007","2493",""
"Egypt","2005","Total","20 +","Data tabulated by year of registration","Final figure, complete","2007","3888",""
"Egypt","2005","Total","Not stated","Data tabulated by year of registration","Final figure, complete","2007","8347",""
"Egypt","2004","Total","Total","Data tabulated by year of registration","Final figure, complete","2007","64496",""
"Egypt","2004","Total","Less than 1","Data tabulated by year of registration","Final figure, complete","2007","10863",""
"Egypt","2004","Total","1","Data tabulated by year of registration","Final figure, complete","2007","8623",""
"Egypt","2004","Total","2","Data tabulated by year of registration","Final figure, complete","2007","6162",""
"Egypt","2004","Total","3","Data tabulated by year of registration","Final figure, complete","2007","4492",""
"Egypt","2004","Total","4","Data tabulated by year of registration","Final figure, complete","2007","3603",""
"Egypt","2004","Total","5","Data tabulated by year of registration","Final figure, complete","2007","2592",""
"Egypt","2004","Total","6","Data tabulated by year of registration","Final figure, complete","2007","1958",""
"Egypt","2004","Total","7","Data tabulated by year of registration","Final figure, complete","2007","1828",""
"Egypt","2004","Total","8","Data tabulated by year of registration","Final figure, complete","2007","1399",""
"Egypt","2004","Total","9","Data tabulated by year of registration","Final figure, complete","2007","1265",""
"Egypt","2004","Total","10 - 14","Data tabulated by year of registration","Final figure, complete","2007","4515",""
"Egypt","2004","Total","15 - 19","Data tabulated by year of registration","Final figure, complete","2007","2341",""
"Egypt","2004","Total","20 +","Data tabulated by year of registration","Final figure, complete","2007","3886",""
"Egypt","2004","Total","Not stated","Data tabulated by year of registration","Final figure, complete","2007","10969",""
"Egypt","1996","Total","Total","Data tabulated by year of registration","Final figure, complete","1998","69219",""
"Egypt","1996","Total","Less than 1","Data tabulated by year of registration","Final figure, complete","1998","24911",""
"Egypt","1996","Total","1","Data tabulated by year of registration","Final figure, complete","1998","9763",""
"Egypt","1996","Total","2","Data tabulated by year of registration","Final figure, complete","1998","6309",""
"Egypt","1996","Total","3","Data tabulated by year of registration","Final figure, complete","1998","4731",""
"Egypt","1996","Total","4","Data tabulated by year of registration","Final figure, complete","1998","3580",""
"Egypt","1996","Total","5","Data tabulated by year of registration","Final figure, complete","1998","2698",""
"Egypt","1996","Total","6","Data tabulated by year of registration","Final figure, complete","1998","2077",""
"Egypt","1996","Total","7","Data tabulated by year of registration","Final figure, complete","1998","1530",""
"Egypt","1996","Total","8","Data tabulated by year of registration","Final figure, complete","1998","1751",""
"Egypt","1996","Total","9","Data tabulated by year of registration","Final figure, complete","1998","1240",""
"Egypt","1996","Total","10 - 14","Data tabulated by year of registration","Final figure, complete","1998","4927",""
"Egypt","1996","Total","15 - 19","Data tabulated by year of registration","Final figure, complete","1998","2438",""
"Egypt","1996","Total","20 +","Data tabulated by year of registration","Final figure, complete","1998","3264",""
"Egypt","1996","Total","Not stated","Data tabulated by year of registration","Final figure, complete","1998","0",""
"Egypt","1995","Total","Total","Data tabulated by year of registration","Final figure, complete","1998","67653",""
"Egypt","1995","Total","Less than 1","Data tabulated by year of registration","Final figure, complete","1998","24633",""
"Egypt","1995","Total","1","Data tabulated by year of registration","Final figure, complete","1998","9299",""
"Egypt","1995","Total","2","Data tabulated by year of registration","Final figure, complete","1998","6240",""
"Egypt","1995","Total","3","Data tabulated by year of registration","Final figure, complete","1998","4444",""
"Egypt","1995","Total","4","Data tabulated by year of registration","Final figure, complete","1998","3652",""
"Egypt","1995","Total","5","Data tabulated by year of registration","Final figure, complete","1998","2644",""
"Egypt","1995","Total","6","Data tabulated by year of registration","Final figure, complete","1998","2001",""
"Egypt","1995","Total","7","Data tabulated by year of registration","Final figure, complete","1998","1660",""
"Egypt","1995","Total","8","Data tabulated by year of registration","Final figure, complete","1998","1483",""
"Egypt","1995","Total","9","Data tabulated by year of registration","Final figure, complete","1998","1302",""
"Egypt","1995","Total","10 - 14","Data tabulated by year of registration","Final figure, complete","1998","4765",""
"Egypt","1995","Total","15 - 19","Data tabulated by year of registration","Final figure, complete","1998","2234",""
"Egypt","1995","Total","20 +","Data tabulated by year of registration","Final figure, complete","1998","3296",""
"Egypt","1995","Total","Not stated","Data tabulated by year of registration","Final figure, complete","1998","0",""
"Egypt","1994","Total","Total","Data tabulated by year of registration","Final figure, complete","1996","67028",""
"Egypt","1994","Total","Less than 1","Data tabulated by year of registration","Final figure, complete","1996","25906",""
"Egypt","1994","Total","1","Data tabulated by year of registration","Final figure, complete","1996","8816",""
"Egypt","1994","Total","2","Data tabulated by year of registration","Final figure, complete","1996","5917",""
"Egypt","1994","Total","3","Data tabulated by year of registration","Final figure, complete","1996","4562",""
"Egypt","1994","Total","4","Data tabulated by year of registration","Final figure, complete","1996","3108",""
"Egypt","1994","Total","5","Data tabulated by year of registration","Final figure, complete","1996","2369",""
"Egypt","1994","Total","6","Data tabulated by year of registration","Final figure, complete","1996","2008",""
"Egypt","1994","Total","7","Data tabulated by year of registration","Final figure, complete","1996","1752",""
"Egypt","1994","Total","8","Data tabulated by year of registration","Final figure, complete","1996","1443",""
"Egypt","1994","Total","9","Data tabulated by year of registration","Final figure, complete","1996","1426",""
"Egypt","1994","Total","10 - 14","Data tabulated by year of registration","Final figure, complete","1996","4642",""
"Egypt","1994","Total","15 - 19","Data tabulated by year of registration","Final figure, complete","1996","2228",""
"Egypt","1994","Total","20 +","Data tabulated by year of registration","Final figure, complete","1996","2851",""
"Egypt","1994","Total","Not stated","Data tabulated by year of registration","Final figure, complete","1996","0",""
"Egypt","1993","Total","Total","Data tabulated by year of registration","Final figure, complete","1996","65166",""
"Egypt","1993","Total","Less than 1","Data tabulated by year of registration","Final figure, complete","1996","24354",""
"Egypt","1993","Total","1","Data tabulated by year of registration","Final figure, complete","1996","8624",""
"Egypt","1993","Total","2","Data tabulated by year of registration","Final figure, complete","1996","6176",""
"Egypt","1993","Total","3","Data tabulated by year of registration","Final figure, complete","1996","4419",""
"Egypt","1993","Total","4","Data tabulated by year of registration","Final figure, complete","1996","3516",""
"Egypt","1993","Total","5","Data tabulated by year of registration","Final figure, complete","1996","2711",""
"Egypt","1993","Total","6","Data tabulated by year of registration","Final figure, complete","1996","1964",""
"Egypt","1993","Total","7","Data tabulated by year of registration","Final figure, complete","1996","1665",""
"Egypt","1993","Total","8","Data tabulated by year of registration","Final figure, complete","1996","1607",""
"Egypt","1993","Total","9","Data tabulated by year of registration","Final figure, complete","1996","1349",""
"Egypt","1993","Total","10 - 14","Data tabulated by year of registration","Final figure, complete","1996","4401",""
"Egypt","1993","Total","15 - 19","Data tabulated by year of registration","Final figure, complete","1996","1826",""
"Egypt","1993","Total","20 +","Data tabulated by year of registration","Final figure, complete","1996","2554",""
"Egypt","1993","Total","Not stated","Data tabulated by year of registration","Final figure, complete","1996","0",""
"Egypt","1992","Total","Total","Data tabulated by year of registration","Final figure, complete","1996","61689",""
"Egypt","1992","Total","Less than 1","Data tabulated by year of registration","Final figure, complete","1996","21820",""
"Egypt","1992","Total","1","Data tabulated by year of registration","Final figure, complete","1996","9149",""
"Egypt","1992","Total","2","Data tabulated by year of registration","Final figure, complete","1996","5671",""
"Egypt","1992","Total","3","Data tabulated by year of registration","Final figure, complete","1996","4310",""
"Egypt","1992","Total","4","Data tabulated by year of registration","Final figure, complete","1996","3687",""
"Egypt","1992","Total","5","Data tabulated by year of registration","Final figure, complete","1996","2568",""
"Egypt","1992","Total","6","Data tabulated by year of registration","Final figure, complete","1996","1983",""
"Egypt","1992","Total","7","Data tabulated by year of registration","Final figure, complete","1996","1598",""
"Egypt","1992","Total","8","Data tabulated by year of registration","Final figure, complete","1996","1371",""
"Egypt","1992","Total","9","Data tabulated by year of registration","Final figure, complete","1996","1223",""
"Egypt","1992","Total","10 - 14","Data tabulated by year of registration","Final figure, complete","1996","4079",""
"Egypt","1992","Total","15 - 19","Data tabulated by year of registration","Final figure, complete","1996","1735",""
"Egypt","1992","Total","20 +","Data tabulated by year of registration","Final figure, complete","1996","2495",""
"Egypt","1992","Total","Not stated","Data tabulated by year of registration","Final figure, complete","1996","0",""
"Egypt","1991","Total","Total","Data tabulated by year of registration","Final figure, complete","1996","64165",""
"Egypt","1991","Total","Less than 1","Data tabulated by year of registration","Final figure, complete","1996","24331",""
"Egypt","1991","Total","1","Data tabulated by year of registration","Final figure, complete","1996","8762",""
"Egypt","1991","Total","2","Data tabulated by year of registration","Final figure, complete","1996","6331",""
"Egypt","1991","Total","3","Data tabulated by year of registration","Final figure, complete","1996","4620",""
"Egypt","1991","Total","4","Data tabulated by year of registration","Final figure, complete","1996","3340",""
"Egypt","1991","Total","5","Data tabulated by year of registration","Final figure, complete","1996","2664",""
"Egypt","1991","Total","6","Data tabulated by year of registration","Final figure, complete","1996","2062",""
"Egypt","1991","Total","7","Data tabulated by year of registration","Final figure, complete","1996","1661",""
"Egypt","1991","Total","8","Data tabulated by year of registration","Final figure, complete","1996","1307",""
"Egypt","1991","Total","9","Data tabulated by year of registration","Final figure, complete","1996","1214",""
"Egypt","1991","Total","10 - 14","Data tabulated by year of registration","Final figure, complete","1996","3867",""
"Egypt","1991","Total","15 - 19","Data tabulated by year of registration","Final figure, complete","1996","1544",""
"Egypt","1991","Total","20 +","Data tabulated by year of registration","Final figure, complete","1996","2462",""
"Egypt","1991","Total","Not stated","Data tabulated by year of registration","Final figure, complete","1996","0",""
"Egypt","1990","Total","Total","Data tabulated by year of registration","Final figure, complete","1995","67195",""
"Egypt","1990","Total","Less than 1","Data tabulated by year of registration","Final figure, complete","1995","23449",""
"Egypt","1990","Total","1","Data tabulated by year of registration","Final figure, complete","1995","9862",""
"Egypt","1990","Total","2","Data tabulated by year of registration","Final figure, complete","1995","6903",""
"Egypt","1990","Total","3","Data tabulated by year of registration","Final figure, complete","1995","5199",""
"Egypt","1990","Total","4","Data tabulated by year of registration","Final figure, complete","1995","3900",""
"Egypt","1990","Total","5","Data tabulated by year of registration","Final figure, complete","1995","3029",""
"Egypt","1990","Total","6","Data tabulated by year of registration","Final figure, complete","1995","2301",""
"Egypt","1990","Total","7","Data tabulated by year of registration","Final figure, complete","1995","1835",""
"Egypt","1990","Total","8","Data tabulated by year of registration","Final figure, complete","1995","1583",""
"Egypt","1990","Total","9","Data tabulated by year of registration","Final figure, complete","1995","1251",""
"Egypt","1990","Total","10 - 14","Data tabulated by year of registration","Final figure, complete","1995","3981",""
"Egypt","1990","Total","15 - 19","Data tabulated by year of registration","Final figure, complete","1995","1714",""
"Egypt","1990","Total","20 +","Data tabulated by year of registration","Final figure, complete","1995","2188",""
"Egypt","1990","Total","Not stated","Data tabulated by year of registration","Final figure, complete","1995","0",""
"Egypt","1989","Total","Total","Data tabulated by year of registration","Final figure, complete","1994","64766",""
"Egypt","1989","Total","Less than 1","Data tabulated by year of registration","Final figure, complete","1994","21958",""
"Egypt","1989","Total","1","Data tabulated by year of registration","Final figure, complete","1994","9990",""
"Egypt","1989","Total","2","Data tabulated by year of registration","Final figure, complete","1994","7056",""
"Egypt","1989","Total","3","Data tabulated by year of registration","Final figure, complete","1994","4981",""
"Egypt","1989","Total","4","Data tabulated by year of registration","Final figure, complete","1994","3703",""
"Egypt","1989","Total","5","Data tabulated by year of registration","Final figure, complete","1994","2980",""
"Egypt","1989","Total","6","Data tabulated by year of registration","Final figure, complete","1994","2136",""
"Egypt","1989","Total","7","Data tabulated by year of registration","Final figure, complete","1994","1599",""
"Egypt","1989","Total","8","Data tabulated by year of registration","Final figure, complete","1994","1580",""
"Egypt","1989","Total","9","Data tabulated by year of registration","Final figure, complete","1994","1151",""
"Egypt","1989","Total","10 - 14","Data tabulated by year of registration","Final figure, complete","1994","3808",""
"Egypt","1989","Total","15 - 19","Data tabulated by year of registration","Final figure, complete","1994","1565",""
"Egypt","1989","Total","20 +","Data tabulated by year of registration","Final figure, complete","1994","2259",""
"Egypt","1989","Total","Not stated","Data tabulated by year of registration","Final figure, complete","1994","0",""
"Egypt","1987","Total","Total","Data tabulated by year of registration","Final figure, complete","1992","69494",""
"Egypt","1987","Total","Less than 1","Data tabulated by year of registration","Final figure, complete","1992","17254",""
"Egypt","1987","Total","1","Data tabulated by year of registration","Final figure, complete","1992","12500",""
"Egypt","1987","Total","2","Data tabulated by year of registration","Final figure, complete","1992","8611",""
"Egypt","1987","Total","3","Data tabulated by year of registration","Final figure, complete","1992","6246",""
"Egypt","1987","Total","4","Data tabulated by year of registration","Final figure, complete","1992","4659",""
"Egypt","1987","Total","5","Data tabulated by year of registration","Final figure, complete","1992","3448",""
"Egypt","1987","Total","6","Data tabulated by year of registration","Final figure, complete","1992","2551",""
"Egypt","1987","Total","7","Data tabulated by year of registration","Final figure, complete","1992","1965",""
"Egypt","1987","Total","8","Data tabulated by year of registration","Final figure, complete","1992","1658",""
"Egypt","1987","Total","9","Data tabulated by year of registration","Final figure, complete","1992","1325",""
"Egypt","1987","Total","10 - 14","Data tabulated by year of registration","Final figure, complete","1992","4364",""
"Egypt","1987","Total","15 - 19","Data tabulated by year of registration","Final figure, complete","1992","1848",""
"Egypt","1987","Total","20 +","Data tabulated by year of registration","Final figure, complete","1992","3065",""
"Egypt","1987","Total","Not stated","Data tabulated by year of registration","Final figure, complete","1992","0",""
"Egypt","1986","Total","Total","Data tabulated by year of registration","Final figure, complete","1991","68735",""
"Egypt","1986","Total","Less than 1","Data tabulated by year of registration","Final figure, complete","1991","17590",""
"Egypt","1986","Total","1","Data tabulated by year of registration","Final figure, complete","1991","11937",""
"Egypt","1986","Total","2","Data tabulated by year of registration","Final figure, complete","1991","8433",""
"Egypt","1986","Total","3","Data tabulated by year of registration","Final figure, complete","1991","6381",""
"Egypt","1986","Total","4","Data tabulated by year of registration","Final figure, complete","1991","4631",""
"Egypt","1986","Total","5","Data tabulated by year of registration","Final figure, complete","1991","3728",""
"Egypt","1986","Total","6","Data tabulated by year of registration","Final figure, complete","1991","2377",""
"Egypt","1986","Total","7","Data tabulated by year of registration","Final figure, complete","1991","1841",""
"Egypt","1986","Total","8","Data tabulated by year of registration","Final figure, complete","1991","1635",""
"Egypt","1986","Total","9","Data tabulated by year of registration","Final figure, complete","1991","1329",""
"Egypt","1986","Total","10 - 14","Data tabulated by year of registration","Final figure, complete","1991","4239",""
"Egypt","1986","Total","15 - 19","Data tabulated by year of registration","Final figure, complete","1991","1764",""
"Egypt","1986","Total","20 +","Data tabulated by year of registration","Final figure, complete","1991","2850",""
"Egypt","1986","Total","Not stated","Data tabulated by year of registration","Final figure, complete","1991","0",""
"Egypt","1985","Total","Total","Data tabulated by year of registration","Final figure, complete","1991","72563",""
"Egypt","1985","Total","Less than 1","Data tabulated by year of registration","Final figure, complete","1991","17589",""
"Egypt","1985","Total","1","Data tabulated by year of registration","Final figure, complete","1991","14014",""
"Egypt","1985","Total","2","Data tabulated by year of registration","Final figure, complete","1991","9019",""
"Egypt","1985","Total","3","Data tabulated by year of registration","Final figure, complete","1991","6252",""
"Egypt","1985","Total","4","Data tabulated by year of registration","Final figure, complete","1991","5345",""
"Egypt","1985","Total","5","Data tabulated by year of registration","Final figure, complete","1991","3306",""
"Egypt","1985","Total","6","Data tabulated by year of registration","Final figure, complete","1991","2430",""
"Egypt","1985","Total","7","Data tabulated by year of registration","Final figure, complete","1991","2056",""
"Egypt","1985","Total","8","Data tabulated by year of registration","Final figure, complete","1991","1765",""
"Egypt","1985","Total","9","Data tabulated by year of registration","Final figure, complete","1991","1436",""
"Egypt","1985","Total","10 - 14","Data tabulated by year of registration","Final figure, complete","1991","4197",""
"Egypt","1985","Total","15 - 19","Data tabulated by year of registration","Final figure, complete","1991","1785",""
"Egypt","1985","Total","20 +","Data tabulated by year of registration","Final figure, complete","1991","3369",""
"Egypt","1985","Total","Not stated","Data tabulated by year of registration","Final figure, complete","1991","0",""
"Egypt","1984","Total","Total","Data tabulated by year of registration","Final figure, complete","1991","76222",""
"Egypt","1984","Total","Less than 1","Data tabulated by year of registration","Final figure, complete","1991","19957",""
"Egypt","1984","Total","1","Data tabulated by year of registration","Final figure, complete","1991","15162",""
"Egypt","1984","Total","2","Data tabulated by year of registration","Final figure, complete","1991","9417",""
"Egypt","1984","Total","3","Data tabulated by year of registration","Final figure, complete","1991","6686",""
"Egypt","1984","Total","4","Data tabulated by year of registration","Final figure, complete","1991","5025",""
"Egypt","1984","Total","5","Data tabulated by year of registration","Final figure, complete","1991","3453",""
"Egypt","1984","Total","6","Data tabulated by year of registration","Final figure, complete","1991","2458",""
"Egypt","1984","Total","7","Data tabulated by year of registration","Final figure, complete","1991","1923",""
"Egypt","1984","Total","8","Data tabulated by year of registration","Final figure, complete","1991","1720",""
"Egypt","1984","Total","9","Data tabulated by year of registration","Final figure, complete","1991","1386",""
"Egypt","1984","Total","10 - 14","Data tabulated by year of registration","Final figure, complete","1991","4109",""
"Egypt","1984","Total","15 - 19","Data tabulated by year of registration","Final figure, complete","1991","1600",""
"Egypt","1984","Total","20 +","Data tabulated by year of registration","Final figure, complete","1991","3326",""
"Egypt","1984","Total","Not stated","Data tabulated by year of registration","Final figure, complete","1991","0",""
"Egypt","1983","Total","Total","Data tabulated by year of registration","Final figure, complete","1991","71169",""
"Egypt","1983","Total","Less than 1","Data tabulated by year of registration","Final figure, complete","1991","19820",""
"Egypt","1983","Total","1","Data tabulated by year of registration","Final figure, complete","1991","13024",""
"Egypt","1983","Total","2","Data tabulated by year of registration","Final figure, complete","1991","9353",""
"Egypt","1983","Total","3","Data tabulated by year of registration","Final figure, complete","1991","5984",""
"Egypt","1983","Total","4","Data tabulated by year of registration","Final figure, complete","1991","3924",""
"Egypt","1983","Total","5","Data tabulated by year of registration","Final figure, complete","1991","3465",""
"Egypt","1983","Total","6","Data tabulated by year of registration","Final figure, complete","1991","2473",""
"Egypt","1983","Total","7","Data tabulated by year of registration","Final figure, complete","1991","1950",""
"Egypt","1983","Total","8","Data tabulated by year of registration","Final figure, complete","1991","1538",""
"Egypt","1983","Total","9","Data tabulated by year of registration","Final figure, complete","1991","1144",""
"Egypt","1983","Total","10 - 14","Data tabulated by year of registration","Final figure, complete","1991","3684",""
"Egypt","1983","Total","15 - 19","Data tabulated by year of registration","Final figure, complete","1991","1680",""
"Egypt","1983","Total","20 +","Data tabulated by year of registration","Final figure, complete","1991","3130",""
"Egypt","1983","Total","Not stated","Data tabulated by year of registration","Final figure, complete","1991","0",""
"Egypt","1982","Total","Total","Data tabulated by year of registration","Final figure, complete","1991","70215",""
"Egypt","1982","Total","Less than 1","Data tabulated by year of registration","Final figure, complete","1991","19229",""
"Egypt","1982","Total","1","Data tabulated by year of registration","Final figure, complete","1991","13306",""
"Egypt","1982","Total","2","Data tabulated by year of registration","Final figure, complete","1991","8822",""
"Egypt","1982","Total","3","Data tabulated by year of registration","Final figure, complete","1991","6040",""
"Egypt","1982","Total","4","Data tabulated by year of registration","Final figure, complete","1991","4108",""
"Egypt","1982","Total","5","Data tabulated by year of registration","Final figure, complete","1991","3767",""
"Egypt","1982","Total","6","Data tabulated by year of registration","Final figure, complete","1991","2396",""
"Egypt","1982","Total","7","Data tabulated by year of registration","Final figure, complete","1991","1818",""
"Egypt","1982","Total","8","Data tabulated by year of registration","Final figure, complete","1991","1378",""
"Egypt","1982","Total","9","Data tabulated by year of registration","Final figure, complete","1991","995",""
"Egypt","1982","Total","10 - 14","Data tabulated by year of registration","Final figure, complete","1991","3640",""
"Egypt","1982","Total","15 - 19","Data tabulated by year of registration","Final figure, complete","1991","1553",""
"Egypt","1982","Total","20 +","Data tabulated by year of registration","Final figure, complete","1991","3163",""
"Egypt","1982","Total","Not stated","Data tabulated by year of registration","Final figure, complete","1991","0",""
"Egypt","1981","Total","Total","Data tabulated by year of registration","Final figure, complete","1985","68501",""
"Egypt","1981","Total","Less than 1","Data tabulated by year of registration","Final figure, complete","1985","19667",""
"Egypt","1981","Total","1","Data tabulated by year of registration","Final figure, complete","1985","13472",""
"Egypt","1981","Total","2","Data tabulated by year of registration","Final figure, complete","1985","8442",""
"Egypt","1981","Total","3","Data tabulated by year of registration","Final figure, complete","1985","5730",""
"Egypt","1981","Total","4","Data tabulated by year of registration","Final figure, complete","1985","3918",""
"Egypt","1981","Total","5","Data tabulated by year of registration","Final figure, complete","1985","3543",""
"Egypt","1981","Total","6","Data tabulated by year of registration","Final figure, complete","1985","2205",""
"Egypt","1981","Total","7","Data tabulated by year of registration","Final figure, complete","1985","1547",""
"Egypt","1981","Total","8","Data tabulated by year of registration","Final figure, complete","1985","1271",""
"Egypt","1981","Total","9","Data tabulated by year of registration","Final figure, complete","1985","1050",""
"Egypt","1981","Total","10 - 14","Data tabulated by year of registration","Final figure, complete","1985","3114",""
"Egypt","1981","Total","15 - 19","Data tabulated by year of registration","Final figure, complete","1985","1588",""
"Egypt","1981","Total","20 +","Data tabulated by year of registration","Final figure, complete","1985","2954",""
"Egypt","1981","Total","Not stated","Data tabulated by year of registration","Final figure, complete","1985","0",""
"Egypt","1980","Total","Total","Data tabulated by year of registration","Final figure, complete","1985","68512",""
"Egypt","1980","Total","Less than 1","Data tabulated by year of registration","Final figure, complete","1985","14562",""
"Egypt","1980","Total","1","Data tabulated by year of registration","Final figure, complete","1985","12571",""
"Egypt","1980","Total","2","Data tabulated by year of registration","Final figure, complete","1985","8339",""
"Egypt","1980","Total","3","Data tabulated by year of registration","Final figure, complete","1985","5771",""
"Egypt","1980","Total","4","Data tabulated by year of registration","Final figure, complete","1985","3954",""
"Egypt","1980","Total","5","Data tabulated by year of registration","Final figure, complete","1985","3028",""
"Egypt","1980","Total","6","Data tabulated by year of registration","Final figure, complete","1985","2085",""
"Egypt","1980","Total","7","Data tabulated by year of registration","Final figure, complete","1985","1590",""
"Egypt","1980","Total","8","Data tabulated by year of registration","Final figure, complete","1985","1243",""
"Egypt","1980","Total","9","Data tabulated by year of registration","Final figure, complete","1985","1059",""
"Egypt","1980","Total","10 - 14","Data tabulated by year of registration","Final figure, complete","1985","2960",""
"Egypt","1980","Total","15 - 19","Data tabulated by year of registration","Final figure, complete","1985","1702",""
"Egypt","1980","Total","20 +","Data tabulated by year of registration","Final figure, complete","1985","2988",""
"Egypt","1980","Total","Not stated","Data tabulated by year of registration","Final figure, complete","1985","6660",""
"Egypt","1978","Total","Total","Data tabulated by year of registration","Final figure, complete","1982","78023",""
"Egypt","1978","Total","Less than 1","Data tabulated by year of registration","Final figure, complete","1982","24721",""
"Egypt","1978","Total","1","Data tabulated by year of registration","Final figure, complete","1982","14116",""
"Egypt","1978","Total","2","Data tabulated by year of registration","Final figure, complete","1982","9707",""
"Egypt","1978","Total","3","Data tabulated by year of registration","Final figure, complete","1982","6328",""
"Egypt","1978","Total","4","Data tabulated by year of registration","Final figure, complete","1982","4241",""
"Egypt","1978","Total","5","Data tabulated by year of registration","Final figure, complete","1982","3130",""
"Egypt","1978","Total","6","Data tabulated by year of registration","Final figure, complete","1982","2359",""
"Egypt","1978","Total","7","Data tabulated by year of registration","Final figure, complete","1982","2000",""
"Egypt","1978","Total","8","Data tabulated by year of registration","Final figure, complete","1982","1450",""
"Egypt","1978","Total","9","Data tabulated by year of registration","Final figure, complete","1982","1034",""
"Egypt","1978","Total","10 - 14","Data tabulated by year of registration","Final figure, complete","1982","3606",""
"Egypt","1978","Total","15 - 19","Data tabulated by year of registration","Final figure, complete","1982","1929",""
"Egypt","1978","Total","20 +","Data tabulated by year of registration","Final figure, complete","1982","3402",""
"Egypt","1977","Total","Total","Data tabulated by year of registration","Final figure, complete","1982","76311",""
"Egypt","1977","Total","Less than 1","Data tabulated by year of registration","Final figure, complete","1982","24205",""
"Egypt","1977","Total","1","Data tabulated by year of registration","Final figure, complete","1982","14056",""
"Egypt","1977","Total","2","Data tabulated by year of registration","Final figure, complete","1982","9201",""
"Egypt","1977","Total","3","Data tabulated by year of registration","Final figure, complete","1982","6081",""
"Egypt","1977","Total","4","Data tabulated by year of registration","Final figure, complete","1982","4281",""
"Egypt","1977","Total","5","Data tabulated by year of registration","Final figure, complete","1982","3281",""
"Egypt","1977","Total","6","Data tabulated by year of registration","Final figure, complete","1982","2548",""
"Egypt","1977","Total","7","Data tabulated by year of registration","Final figure, complete","1982","1779",""
"Egypt","1977","Total","8","Data tabulated by year of registration","Final figure, complete","1982","1260",""
"Egypt","1977","Total","9","Data tabulated by year of registration","Final figure, complete","1982","1009",""
"Egypt","1977","Total","10 - 14","Data tabulated by year of registration","Final figure, complete","1982","3644",""
"Egypt","1977","Total","15 - 19","Data tabulated by year of registration","Final figure, complete","1982","1788",""
"Egypt","1977","Total","20 +","Data tabulated by year of registration","Final figure, complete","1982","3178",""
"Egypt","1976","Total","Total","Data tabulated by year of registration","Final figure, complete","1982","78098",""
"Egypt","1976","Total","Less than 1","Data tabulated by year of registration","Final figure, complete","1982","25682",""
"Egypt","1976","Total","1","Data tabulated by year of registration","Final figure, complete","1982","13834",""
"Egypt","1976","Total","2","Data tabulated by year of registration","Final figure, complete","1982","8835",""
"Egypt","1976","Total","3","Data tabulated by year of registration","Final figure, complete","1982","6313",""
"Egypt","1976","Total","4","Data tabulated by year of registration","Final figure, complete","1982","4325",""
"Egypt","1976","Total","5","Data tabulated by year of registration","Final figure, complete","1982","3533",""
"Egypt","1976","Total","6","Data tabulated by year of registration","Final figure, complete","1982","2366",""
"Egypt","1976","Total","7","Data tabulated by year of registration","Final figure, complete","1982","1632",""
"Egypt","1976","Total","8","Data tabulated by year of registration","Final figure, complete","1982","1302",""
"Egypt","1976","Total","9","Data tabulated by year of registration","Final figure, complete","1982","1063",""
"Egypt","1976","Total","10 - 14","Data tabulated by year of registration","Final figure, complete","1982","3863",""
"Egypt","1976","Total","15 - 19","Data tabulated by year of registration","Final figure, complete","1982","1823",""
"Egypt","1976","Total","20 +","Data tabulated by year of registration","Final figure, complete","1982","3527",""
"Egypt","1975","Total","Total","Data tabulated by year of registration","Final figure, complete","1982","77457",""
"Egypt","1975","Total","Less than 1","Data tabulated by year of registration","Final figure, complete","1982","24588",""
"Egypt","1975","Total","1","Data tabulated by year of registration","Final figure, complete","1982","13172",""
"Egypt","1975","Total","2","Data tabulated by year of registration","Final figure, complete","1982","9105",""
"Egypt","1975","Total","3","Data tabulated by year of registration","Final figure, complete","1982","6273",""
"Egypt","1975","Total","4","Data tabulated by year of registration","Final figure, complete","1982","4668",""
"Egypt","1975","Total","5","Data tabulated by year of registration","Final figure, complete","1982","3247",""
"Egypt","1975","Total","6","Data tabulated by year of registration","Final figure, complete","1982","2144",""
"Egypt","1975","Total","7","Data tabulated by year of registration","Final figure, complete","1982","1635",""
"Egypt","1975","Total","8","Data tabulated by year of registration","Final figure, complete","1982","1293",""
"Egypt","1975","Total","9","Data tabulated by year of registration","Final figure, complete","1982","1301",""
"Egypt","1975","Total","10 - 14","Data tabulated by year of registration","Final figure, complete","1982","4087",""
"Egypt","1975","Total","15 - 19","Data tabulated by year of registration","Final figure, complete","1982","1871",""
"Egypt","1975","Total","20 +","Data tabulated by year of registration","Final figure, complete","1982","4073",""
"Egypt","1974","Total","Total","Data tabulated by year of registration","Final figure, complete","1982","73425",""
"Egypt","1974","Total","Less than 1","Data tabulated by year of registration","Final figure, complete","1982","22736",""
"Egypt","1974","Total","1","Data tabulated by year of registration","Final figure, complete","1982","12999",""
"Egypt","1974","Total","2","Data tabulated by year of registration","Final figure, complete","1982","8622",""
"Egypt","1974","Total","3","Data tabulated by year of registration","Final figure, complete","1982","6078",""
"Egypt","1974","Total","4","Data tabulated by year of registration","Final figure, complete","1982","4095",""
"Egypt","1974","Total","5","Data tabulated by year of registration","Final figure, complete","1982","2727",""
"Egypt","1974","Total","6","Data tabulated by year of registration","Final figure, complete","1982","1941",""
"Egypt","1974","Total","7","Data tabulated by year of registration","Final figure, complete","1982","1644",""
"Egypt","1974","Total","8","Data tabulated by year of registration","Final figure, complete","1982","1552",""
"Egypt","1974","Total","9","Data tabulated by year of registration","Final figure, complete","1982","1261",""
"Egypt","1974","Total","10 - 14","Data tabulated by year of registration","Final figure, complete","1982","3838",""
"Egypt","1974","Total","15 - 19","Data tabulated by year of registration","Final figure, complete","1982","1764",""
"Egypt","1974","Total","20 +","Data tabulated by year of registration","Final figure, complete","1982","4168",""
"Egypt","1973","Total","Total","Data tabulated by year of registration","Final figure, complete","1979","75487",""
"Egypt","1973","Total","Less than 1","Data tabulated by year of registration","Final figure, complete","1979","22852",""
"Egypt","1973","Total","1","Data tabulated by year of registration","Final figure, complete","1979","12773",""
"Egypt","1973","Total","2","Data tabulated by year of registration","Final figure, complete","1979","8955",""
"Egypt","1973","Total","3","Data tabulated by year of registration","Final figure, complete","1979","5620",""
"Egypt","1973","Total","4","Data tabulated by year of registration","Final figure, complete","1979","3558",""
"Egypt","1973","Total","5","Data tabulated by year of registration","Final figure, complete","1979","2629",""
"Egypt","1973","Total","6","Data tabulated by year of registration","Final figure, complete","1979","2004",""
"Egypt","1973","Total","7","Data tabulated by year of registration","Final figure, complete","1979","2060",""
"Egypt","1973","Total","8","Data tabulated by year of registration","Final figure, complete","1979","1615",""
"Egypt","1973","Total","9","Data tabulated by year of registration","Final figure, complete","1979","1351",""
"Egypt","1973","Total","10 - 14","Data tabulated by year of registration","Final figure, complete","1979","4178",""
"Egypt","1973","Total","15 - 19","Data tabulated by year of registration","Final figure, complete","1979","1975",""
"Egypt","1973","Total","20 +","Data tabulated by year of registration","Final figure, complete","1979","5917",""
"Egypt","1973","Total","Not stated","Data tabulated by year of registration","Final figure, complete","1979","0",""
"Egypt","1972","Total","Total","Data tabulated by year of registration","Final figure, complete","1979","75412",""
"Egypt","1972","Total","Less than 1","Data tabulated by year of registration","Final figure, complete","1979","22573",""
"Egypt","1972","Total","1","Data tabulated by year of registration","Final figure, complete","1979","13122",""
"Egypt","1972","Total","2","Data tabulated by year of registration","Final figure, complete","1979","8630",""
"Egypt","1972","Total","3","Data tabulated by year of registration","Final figure, complete","1979","5379",""
"Egypt","1972","Total","4","Data tabulated by year of registration","Final figure, complete","1979","3489",""
"Egypt","1972","Total","5","Data tabulated by year of registration","Final figure, complete","1979","2687",""
"Egypt","1972","Total","6","Data tabulated by year of registration","Final figure, complete","1979","2413",""
"Egypt","1972","Total","7","Data tabulated by year of registration","Final figure, complete","1979","2047",""
"Egypt","1972","Total","8","Data tabulated by year of registration","Final figure, complete","1979","1570",""
"Egypt","1972","Total","9","Data tabulated by year of registration","Final figure, complete","1979","1217",""
"Egypt","1972","Total","10 - 14","Data tabulated by year of registration","Final figure, complete","1979","4108",""
"Egypt","1972","Total","15 - 19","Data tabulated by year of registration","Final figure, complete","1979","1968",""
"Egypt","1972","Total","20 +","Data tabulated by year of registration","Final figure, complete","1979","6209",""
"Egypt","1972","Total","Not stated","Data tabulated by year of registration","Final figure, complete","1979","0",""
"Egypt","1971","Total","Total","Data tabulated by year of registration","Final figure, complete","1979","70736",""
"Egypt","1971","Total","Less than 1","Data tabulated by year of registration","Final figure, complete","1979","20150",""
"Egypt","1971","Total","1","Data tabulated by year of registration","Final figure, complete","1979","12111",""
"Egypt","1971","Total","2","Data tabulated by year of registration","Final figure, complete","1979","7743",""
"Egypt","1971","Total","3","Data tabulated by year of registration","Final figure, complete","1979","4880",""
"Egypt","1971","Total","4","Data tabulated by year of registration","Final figure, complete","1979","3525",""
"Egypt","1971","Total","5","Data tabulated by year of registration","Final figure, complete","1979","3245",""
"Egypt","1971","Total","6","Data tabulated by year of registration","Final figure, complete","1979","2496",""
"Egypt","1971","Total","7","Data tabulated by year of registration","Final figure, complete","1979","2012",""
"Egypt","1971","Total","8","Data tabulated by year of registration","Final figure, complete","1979","1418",""
"Egypt","1971","Total","9","Data tabulated by year of registration","Final figure, complete","1979","1098",""
"Egypt","1971","Total","10 - 14","Data tabulated by year of registration","Final figure, complete","1979","4056",""
"Egypt","1971","Total","15 - 19","Data tabulated by year of registration","Final figure, complete","1979","2335",""
"Egypt","1971","Total","20 +","Data tabulated by year of registration","Final figure, complete","1979","5667",""
"Egypt","1971","Total","Not stated","Data tabulated by year of registration","Final figure, complete","1979","0",""
"Egypt","1970","Total","Total","Data tabulated by year of registration","Final figure, complete","1976","68810",""
"Egypt","1970","Total","Less than 1","Data tabulated by year of registration","Final figure, complete","1976","20689",""
"Egypt","1970","Total","1","Data tabulated by year of registration","Final figure, complete","1976","10604",""
"Egypt","1970","Total","2","Data tabulated by year of registration","Final figure, complete","1976","6603",""
"Egypt","1970","Total","3","Data tabulated by year of registration","Final figure, complete","1976","4770",""
"Egypt","1970","Total","4","Data tabulated by year of registration","Final figure, complete","1976","4154",""
"Egypt","1970","Total","5","Data tabulated by year of registration","Final figure, complete","1976","3069",""
"Egypt","1970","Total","6","Data tabulated by year of registration","Final figure, complete","1976","2323",""
"Egypt","1970","Total","7","Data tabulated by year of registration","Final figure, complete","1976","1756",""
"Egypt","1970","Total","8","Data tabulated by year of registration","Final figure, complete","1976","1391",""
"Egypt","1970","Total","9","Data tabulated by year of registration","Final figure, complete","1976","1334",""
"Egypt","1970","Total","10 - 14","Data tabulated by year of registration","Final figure, complete","1976","3729",""
"Egypt","1970","Total","15 - 19","Data tabulated by year of registration","Final figure, complete","1976","2135",""
"Egypt","1970","Total","20 +","Data tabulated by year of registration","Final figure, complete","1976","6253",""
"Egypt","1970","Total","Not stated","Data tabulated by year of registration","Final figure, complete","1976","0",""
"Egypt","1969","Total","Total","Data tabulated by year of registration","Final figure, complete","1975","62909",""
"Egypt","1969","Total","Less than 1","Data tabulated by year of registration","Final figure, complete","1975","18941",""
"Egypt","1969","Total","1","Data tabulated by year of registration","Final figure, complete","1975","9359",""
"Egypt","1969","Total","2","Data tabulated by year of registration","Final figure, complete","1975","6761",""
"Egypt","1969","Total","3","Data tabulated by year of registration","Final figure, complete","1975","5559",""
"Egypt","1969","Total","4","Data tabulated by year of registration","Final figure, complete","1975","3950",""
"Egypt","1969","Total","5","Data tabulated by year of registration","Final figure, complete","1975","2890",""
"Egypt","1969","Total","6","Data tabulated by year of registration","Final figure, complete","1975","1998",""
"Egypt","1969","Total","7","Data tabulated by year of registration","Final figure, complete","1975","1518",""
"Egypt","1969","Total","8","Data tabulated by year of registration","Final figure, complete","1975","1474",""
"Egypt","1969","Total","9","Data tabulated by year of registration","Final figure, complete","1975","1173",""
"Egypt","1969","Total","10 - 14","Data tabulated by year of registration","Final figure, complete","1975","3430",""
"Egypt","1969","Total","15 - 19","Data tabulated by year of registration","Final figure, complete","1975","1786",""
"Egypt","1969","Total","20 +","Data tabulated by year of registration","Final figure, complete","1975","4070",""
"Egypt","1969","Total","Not stated","Data tabulated by year of registration","Final figure, complete","1975","0",""

"footnoteSeqID","Footnote"
"1","Including 'revocable divorces' (among Muslim population), which approximate legal separations."
