"Country or Area","Year","Area","Sex","Age","Source Year","Value","Value Footnotes"
"Egypt","2022","Total","Male","Total","2024","929428",""
"Egypt","2022","Total","Male","18 - 19","2024","7756",""
"Egypt","2022","Total","Male","20 - 24","2024","167116",""
"Egypt","2022","Total","Male","25 - 29","2024","374631",""
"Egypt","2022","Total","Male","30 - 34","2024","199144",""
"Egypt","2022","Total","Male","35 - 39","2024","78258",""
"Egypt","2022","Total","Male","40 - 44","2024","38306",""
"Egypt","2022","Total","Male","45 - 49","2024","20829",""
"Egypt","2022","Total","Male","50 - 54","2024","14628",""
"Egypt","2022","Total","Male","55 - 59","2024","11317",""
"Egypt","2022","Total","Male","60 - 64","2024","7644",""
"Egypt","2022","Total","Male","65 - 69","2024","4872",""
"Egypt","2022","Total","Male","70 - 74","2024","2933",""
"Egypt","2022","Total","Male","75 +","2024","1994",""
"Egypt","2022","Total","Female","Total","2024","929428",""
"Egypt","2022","Total","Female","18 - 19","2024","236195",""
"Egypt","2022","Total","Female","20 - 24","2024","349276",""
"Egypt","2022","Total","Female","25 - 29","2024","180126",""
"Egypt","2022","Total","Female","30 - 34","2024","67056",""
"Egypt","2022","Total","Female","35 - 39","2024","43045",""
"Egypt","2022","Total","Female","40 - 44","2024","25265",""
"Egypt","2022","Total","Female","45 - 49","2024","14288",""
"Egypt","2022","Total","Female","50 - 54","2024","7534",""
"Egypt","2022","Total","Female","55 - 59","2024","3901",""
"Egypt","2022","Total","Female","60 - 64","2024","1651",""
"Egypt","2022","Total","Female","65 - 69","2024","647",""
"Egypt","2022","Total","Female","70 - 74","2024","243",""
"Egypt","2022","Total","Female","75 +","2024","201",""
"Egypt","2021","Total","Male","Total","2023","880041",""
"Egypt","2021","Total","Male","18 - 19","2023","7436",""
"Egypt","2021","Total","Male","20 - 24","2023","159508",""
"Egypt","2021","Total","Male","25 - 29","2023","352259",""
"Egypt","2021","Total","Male","30 - 34","2023","192569",""
"Egypt","2021","Total","Male","35 - 39","2023","72124",""
"Egypt","2021","Total","Male","40 - 44","2023","35099",""
"Egypt","2021","Total","Male","45 - 49","2023","20061",""
"Egypt","2021","Total","Male","50 - 54","2023","13781",""
"Egypt","2021","Total","Male","55 - 59","2023","10549",""
"Egypt","2021","Total","Male","60 - 64","2023","7021",""
"Egypt","2021","Total","Male","65 - 69","2023","4972",""
"Egypt","2021","Total","Male","70 - 74","2023","2777",""
"Egypt","2021","Total","Male","75 +","2023","1885",""
"Egypt","2021","Total","Female","Total","2023","880041",""
"Egypt","2021","Total","Female","18 - 19","2023","232782",""
"Egypt","2021","Total","Female","20 - 24","2023","333679",""
"Egypt","2021","Total","Female","25 - 29","2023","159053",""
"Egypt","2021","Total","Female","30 - 34","2023","64566",""
"Egypt","2021","Total","Female","35 - 39","2023","40771",""
"Egypt","2021","Total","Female","40 - 44","2023","23499",""
"Egypt","2021","Total","Female","45 - 49","2023","13028",""
"Egypt","2021","Total","Female","50 - 54","2023","6697",""
"Egypt","2021","Total","Female","55 - 59","2023","3458",""
"Egypt","2021","Total","Female","60 - 64","2023","1509",""
"Egypt","2021","Total","Female","65 - 69","2023","550",""
"Egypt","2021","Total","Female","70 - 74","2023","254",""
"Egypt","2021","Total","Female","75 +","2023","195",""
"Egypt","2020","Total","Male","Total","2022","759892",""
"Egypt","2020","Total","Male","18 - 19","2022","8331",""
"Egypt","2020","Total","Male","20 - 24","2022","160069",""
"Egypt","2020","Total","Male","25 - 29","2022","332728",""
"Egypt","2020","Total","Male","30 - 34","2022","166538",""
"Egypt","2020","Total","Male","35 - 39","2022","48454",""
"Egypt","2020","Total","Male","40 - 44","2022","19079",""
"Egypt","2020","Total","Male","45 - 49","2022","9260",""
"Egypt","2020","Total","Male","50 - 54","2022","5886",""
"Egypt","2020","Total","Male","55 - 59","2022","3935",""
"Egypt","2020","Total","Male","60 - 64","2022","2471",""
"Egypt","2020","Total","Male","65 - 69","2022","1616",""
"Egypt","2020","Total","Male","70 - 74","2022","794",""
"Egypt","2020","Total","Male","75 +","2022","726",""
"Egypt","2020","Total","Male","Unknown","2022","5",""
"Egypt","2020","Total","Female","Total","2022","745678",""
"Egypt","2020","Total","Female","18 - 19","2022","229623",""
"Egypt","2020","Total","Female","20 - 24","2022","305273",""
"Egypt","2020","Total","Female","25 - 29","2022","129386",""
"Egypt","2020","Total","Female","30 - 34","2022","41044",""
"Egypt","2020","Total","Female","35 - 39","2022","20560",""
"Egypt","2020","Total","Female","40 - 44","2022","10479",""
"Egypt","2020","Total","Female","45 - 49","2022","5038",""
"Egypt","2020","Total","Female","50 - 54","2022","2228",""
"Egypt","2020","Total","Female","55 - 59","2022","1015",""
"Egypt","2020","Total","Female","60 - 64","2022","523",""
"Egypt","2020","Total","Female","65 - 69","2022","198",""
"Egypt","2020","Total","Female","70 - 74","2022","82",""
"Egypt","2020","Total","Female","75 +","2022","227",""
"Egypt","2020","Total","Female","Unknown","2022","2",""
"Egypt","2019","Total","Male","Total","2021","799051",""
"Egypt","2019","Total","Male","18 - 19","2021","8987",""
"Egypt","2019","Total","Male","20 - 24","2021","162734",""
"Egypt","2019","Total","Male","25 - 29","2021","351503",""
"Egypt","2019","Total","Male","30 - 34","2021","177596",""
"Egypt","2019","Total","Male","35 - 39","2021","51351",""
"Egypt","2019","Total","Male","40 - 44","2021","18572",""
"Egypt","2019","Total","Male","45 - 49","2021","10445",""
"Egypt","2019","Total","Male","50 - 54","2021","6688",""
"Egypt","2019","Total","Male","55 - 59","2021","4805",""
"Egypt","2019","Total","Male","60 - 64","2021","2792",""
"Egypt","2019","Total","Male","65 - 69","2021","1845",""
"Egypt","2019","Total","Male","70 - 74","2021","863",""
"Egypt","2019","Total","Male","75 +","2021","870",""
"Egypt","2019","Total","Female","Total","2021","786240",""
"Egypt","2019","Total","Female","18 - 19","2021","246966",""
"Egypt","2019","Total","Female","20 - 24","2021","312555",""
"Egypt","2019","Total","Female","25 - 29","2021","136117",""
"Egypt","2019","Total","Female","30 - 34","2021","45976",""
"Egypt","2019","Total","Female","35 - 39","2021","22123",""
"Egypt","2019","Total","Female","40 - 44","2021","11127",""
"Egypt","2019","Total","Female","45 - 49","2021","5679",""
"Egypt","2019","Total","Female","50 - 54","2021","3020",""
"Egypt","2019","Total","Female","55 - 59","2021","1432",""
"Egypt","2019","Total","Female","60 - 64","2021","688",""
"Egypt","2019","Total","Female","65 - 69","2021","282",""
"Egypt","2019","Total","Female","70 - 74","2021","107",""
"Egypt","2019","Total","Female","75 +","2021","168",""
"Egypt","2018","Total","Male","Total","2021","769572",""
"Egypt","2018","Total","Male","18 - 19","2021","9613",""
"Egypt","2018","Total","Male","20 - 24","2021","155230",""
"Egypt","2018","Total","Male","25 - 29","2021","339441",""
"Egypt","2018","Total","Male","30 - 34","2021","169610",""
"Egypt","2018","Total","Male","35 - 39","2021","48575",""
"Egypt","2018","Total","Male","40 - 44","2021","17217",""
"Egypt","2018","Total","Male","45 - 49","2021","9964",""
"Egypt","2018","Total","Male","50 - 54","2021","6177",""
"Egypt","2018","Total","Male","55 - 59","2021","4545",""
"Egypt","2018","Total","Male","60 - 64","2021","2776",""
"Egypt","2018","Total","Male","65 - 69","2021","1627",""
"Egypt","2018","Total","Male","70 - 74","2021","889",""
"Egypt","2018","Total","Male","75 +","2021","713",""
"Egypt","2018","Total","Male","Unknown","2021","3195",""
"Egypt","2018","Total","Female","Total","2021","762285",""
"Egypt","2018","Total","Female","18 - 19","2021","244652",""
"Egypt","2018","Total","Female","20 - 24","2021","302765",""
"Egypt","2018","Total","Female","25 - 29","2021","122793",""
"Egypt","2018","Total","Female","30 - 34","2021","45063",""
"Egypt","2018","Total","Female","35 - 39","2021","22087",""
"Egypt","2018","Total","Female","40 - 44","2021","10616",""
"Egypt","2018","Total","Female","45 - 49","2021","5078",""
"Egypt","2018","Total","Female","50 - 54","2021","2846",""
"Egypt","2018","Total","Female","55 - 59","2021","1275",""
"Egypt","2018","Total","Female","60 - 64","2021","633",""
"Egypt","2018","Total","Female","65 - 69","2021","265",""
"Egypt","2018","Total","Female","70 - 74","2021","103",""
"Egypt","2018","Total","Female","75 +","2021","149",""
"Egypt","2018","Total","Female","Unknown","2021","3960",""
"Egypt","2017","Total","Male","Total","2018","800219",""
"Egypt","2017","Total","Male","18 - 19","2018","11275",""
"Egypt","2017","Total","Male","20 - 24","2018","160894",""
"Egypt","2017","Total","Male","25 - 29","2018","360455",""
"Egypt","2017","Total","Male","30 - 34","2018","170831",""
"Egypt","2017","Total","Male","35 - 39","2018","47289",""
"Egypt","2017","Total","Male","40 - 44","2018","18081",""
"Egypt","2017","Total","Male","45 - 49","2018","10427",""
"Egypt","2017","Total","Male","50 - 54","2018","6734",""
"Egypt","2017","Total","Male","55 - 59","2018","4752",""
"Egypt","2017","Total","Male","60 - 64","2018","2843",""
"Egypt","2017","Total","Male","65 - 69","2018","1702",""
"Egypt","2017","Total","Male","70 - 74","2018","919",""
"Egypt","2017","Total","Male","75 +","2018","918",""
"Egypt","2017","Total","Male","Unknown","2018","3099",""
"Egypt","2017","Total","Female","Total","2018","793101",""
"Egypt","2017","Total","Female","18 - 19","2018","251378",""
"Egypt","2017","Total","Female","20 - 24","2018","321782",""
"Egypt","2017","Total","Female","25 - 29","2018","125137",""
"Egypt","2017","Total","Female","30 - 34","2018","47481",""
"Egypt","2017","Total","Female","35 - 39","2018","21742",""
"Egypt","2017","Total","Female","40 - 44","2018","11242",""
"Egypt","2017","Total","Female","45 - 49","2018","5369",""
"Egypt","2017","Total","Female","50 - 54","2018","2988",""
"Egypt","2017","Total","Female","55 - 59","2018","1257",""
"Egypt","2017","Total","Female","60 - 64","2018","611",""
"Egypt","2017","Total","Female","65 - 69","2018","269",""
"Egypt","2017","Total","Female","70 - 74","2018","135",""
"Egypt","2017","Total","Female","75 +","2018","403",""
"Egypt","2017","Total","Female","Unknown","2018","3307",""
"Egypt","2016","Total","Male","Total","2018","828698",""
"Egypt","2016","Total","Male","18 - 19","2018","11684",""
"Egypt","2016","Total","Male","20 - 24","2018","169014",""
"Egypt","2016","Total","Male","25 - 29","2018","379165",""
"Egypt","2016","Total","Male","30 - 34","2018","169646",""
"Egypt","2016","Total","Male","35 - 39","2018","48876",""
"Egypt","2016","Total","Male","40 - 44","2018","19009",""
"Egypt","2016","Total","Male","45 - 49","2018","10712",""
"Egypt","2016","Total","Male","50 - 54","2018","7525",""
"Egypt","2016","Total","Male","55 - 59","2018","5020",""
"Egypt","2016","Total","Male","60 - 64","2018","2942",""
"Egypt","2016","Total","Male","65 - 69","2018","1687",""
"Egypt","2016","Total","Male","70 - 74","2018","817",""
"Egypt","2016","Total","Male","75 +","2018","706",""
"Egypt","2016","Total","Male","Unknown","2018","1895",""
"Egypt","2016","Total","Female","Total","2018","826055",""
"Egypt","2016","Total","Female","18 - 19","2018","251129",""
"Egypt","2016","Total","Female","20 - 24","2018","336318",""
"Egypt","2016","Total","Female","25 - 29","2018","138417",""
"Egypt","2016","Total","Female","30 - 34","2018","51445",""
"Egypt","2016","Total","Female","35 - 39","2018","23293",""
"Egypt","2016","Total","Female","40 - 44","2018","11637",""
"Egypt","2016","Total","Female","45 - 49","2018","5957",""
"Egypt","2016","Total","Female","50 - 54","2018","3296",""
"Egypt","2016","Total","Female","55 - 59","2018","1299",""
"Egypt","2016","Total","Female","60 - 64","2018","659",""
"Egypt","2016","Total","Female","65 - 69","2018","292",""
"Egypt","2016","Total","Female","70 - 74","2018","113",""
"Egypt","2016","Total","Female","75 +","2018","122",""
"Egypt","2016","Total","Female","Unknown","2018","2078",""
"Egypt","2015","Total","Male","Total","2018","862710",""
"Egypt","2015","Total","Male","18 - 19","2018","12871",""
"Egypt","2015","Total","Male","20 - 24","2018","178644",""
"Egypt","2015","Total","Male","25 - 29","2018","392636",""
"Egypt","2015","Total","Male","30 - 34","2018","172840",""
"Egypt","2015","Total","Male","35 - 39","2018","51730",""
"Egypt","2015","Total","Male","40 - 44","2018","19888",""
"Egypt","2015","Total","Male","45 - 49","2018","11234",""
"Egypt","2015","Total","Male","50 - 54","2018","7763",""
"Egypt","2015","Total","Male","55 - 59","2018","5369",""
"Egypt","2015","Total","Male","60 - 64","2018","3219",""
"Egypt","2015","Total","Male","65 - 69","2018","1834",""
"Egypt","2015","Total","Male","70 - 74","2018","897",""
"Egypt","2015","Total","Male","75 +","2018","871",""
"Egypt","2015","Total","Male","Unknown","2018","2914",""
"Egypt","2015","Total","Female","Total","2018","862900",""
"Egypt","2015","Total","Female","18 - 19","2018","245191",""
"Egypt","2015","Total","Female","20 - 24","2018","347088",""
"Egypt","2015","Total","Female","25 - 29","2018","160803",""
"Egypt","2015","Total","Female","30 - 34","2018","57956",""
"Egypt","2015","Total","Female","35 - 39","2018","24533",""
"Egypt","2015","Total","Female","40 - 44","2018","11900",""
"Egypt","2015","Total","Female","45 - 49","2018","6410",""
"Egypt","2015","Total","Female","50 - 54","2018","3297",""
"Egypt","2015","Total","Female","55 - 59","2018","1330",""
"Egypt","2015","Total","Female","60 - 64","2018","605",""
"Egypt","2015","Total","Female","65 - 69","2018","333",""
"Egypt","2015","Total","Female","70 - 74","2018","129",""
"Egypt","2015","Total","Female","75 +","2018","210",""
"Egypt","2015","Total","Female","Unknown","2018","3115",""
"Egypt","2014","Total","Male","Total","2016","858061",""
"Egypt","2014","Total","Male","18 - 19","2016","234509",""
"Egypt","2014","Total","Male","20 - 24","2016","360641",""
"Egypt","2014","Total","Male","25 - 29","2016","165574",""
"Egypt","2014","Total","Male","30 - 34","2016","52817",""
"Egypt","2014","Total","Male","35 - 39","2016","20886",""
"Egypt","2014","Total","Male","40 - 44","2016","9243",""
"Egypt","2014","Total","Male","45 - 49","2016","5561",""
"Egypt","2014","Total","Male","50 - 54","2016","2845",""
"Egypt","2014","Total","Male","55 - 59","2016","1197",""
"Egypt","2014","Total","Male","60 - 64","2016","644",""
"Egypt","2014","Total","Male","65 - 69","2016","309",""
"Egypt","2014","Total","Male","70 - 74","2016","115",""
"Egypt","2014","Total","Male","75 +","2016","166",""
"Egypt","2014","Total","Male","Unknown","2016","3554",""
"Egypt","2014","Total","Female","Total","2016","856412",""
"Egypt","2014","Total","Female","18 - 19","2016","11799",""
"Egypt","2014","Total","Female","20 - 24","2016","182929",""
"Egypt","2014","Total","Female","25 - 29","2016","393816",""
"Egypt","2014","Total","Female","30 - 34","2016","166586",""
"Egypt","2014","Total","Female","35 - 39","2016","46700",""
"Egypt","2014","Total","Female","40 - 44","2016","19153",""
"Egypt","2014","Total","Female","45 - 49","2016","10985",""
"Egypt","2014","Total","Female","50 - 54","2016","8175",""
"Egypt","2014","Total","Female","55 - 59","2016","5426",""
"Egypt","2014","Total","Female","60 - 64","2016","3786",""
"Egypt","2014","Total","Female","65 - 69","2016","1991",""
"Egypt","2014","Total","Female","70 - 74","2016","1017",""
"Egypt","2014","Total","Female","75 +","2016","822",""
"Egypt","2014","Total","Female","Unknown","2016","3227",""
"Egypt","2013","Total","Male","Total","2015","817309",""
"Egypt","2013","Total","Male","18 - 19","2015","11393",""
"Egypt","2013","Total","Male","20 - 24","2015","180581",""
"Egypt","2013","Total","Male","25 - 29","2015","386838",""
"Egypt","2013","Total","Male","30 - 34","2015","158267",""
"Egypt","2013","Total","Male","35 - 39","2015","43103",""
"Egypt","2013","Total","Male","40 - 44","2015","12434",""
"Egypt","2013","Total","Male","45 - 49","2015","10095",""
"Egypt","2013","Total","Male","50 - 54","2015","1910",""
"Egypt","2013","Total","Male","55 - 59","2015","4516",""
"Egypt","2013","Total","Male","60 - 64","2015","2986",""
"Egypt","2013","Total","Male","65 - 69","2015","1731",""
"Egypt","2013","Total","Male","70 - 74","2015","891",""
"Egypt","2013","Total","Male","75 +","2015","769",""
"Egypt","2013","Total","Male","Unknown","2015","1795",""
"Egypt","2013","Total","Female","Total","2015","830051",""
"Egypt","2013","Total","Female","18 - 19","2015","212923",""
"Egypt","2013","Total","Female","20 - 24","2015","359632",""
"Egypt","2013","Total","Female","25 - 29","2015","167116",""
"Egypt","2013","Total","Female","30 - 34","2015","50745",""
"Egypt","2013","Total","Female","35 - 39","2015","19681",""
"Egypt","2013","Total","Female","40 - 44","2015","8805",""
"Egypt","2013","Total","Female","45 - 49","2015","4996",""
"Egypt","2013","Total","Female","50 - 54","2015","2549",""
"Egypt","2013","Total","Female","55 - 59","2015","1049",""
"Egypt","2013","Total","Female","60 - 64","2015","107",""
"Egypt","2013","Total","Female","65 - 69","2015","265",""
"Egypt","2013","Total","Female","70 - 74","2015","99",""
"Egypt","2013","Total","Female","75 +","2015","160",""
"Egypt","2013","Total","Female","Unknown","2015","1924",""
"Egypt","2012","Total","Male","Total","2014","848692",""
"Egypt","2012","Total","Male","18 - 19","2014","11618",""
"Egypt","2012","Total","Male","20 - 24","2014","191354",""
"Egypt","2012","Total","Male","25 - 29","2014","386558",""
"Egypt","2012","Total","Male","30 - 34","2014","158385",""
"Egypt","2012","Total","Male","35 - 39","2014","44978",""
"Egypt","2012","Total","Male","40 - 44","2014","18870",""
"Egypt","2012","Total","Male","45 - 49","2014","12004",""
"Egypt","2012","Total","Male","50 - 54","2014","8122",""
"Egypt","2012","Total","Male","55 - 59","2014","5505",""
"Egypt","2012","Total","Male","60 - 64","2014","3687",""
"Egypt","2012","Total","Male","65 - 69","2014","2139",""
"Egypt","2012","Total","Male","70 - 74","2014","1096",""
"Egypt","2012","Total","Male","75 +","2014","876",""
"Egypt","2012","Total","Male","Unknown","2014","3500",""
"Egypt","2012","Total","Female","Total","2014","845056",""
"Egypt","2012","Total","Female","18 - 19","2014","208968",""
"Egypt","2012","Total","Female","20 - 24","2014","375114",""
"Egypt","2012","Total","Female","25 - 29","2014","170752",""
"Egypt","2012","Total","Female","30 - 34","2014","50555",""
"Egypt","2012","Total","Female","35 - 39","2014","17869",""
"Egypt","2012","Total","Female","40 - 44","2014","8464",""
"Egypt","2012","Total","Female","45 - 49","2014","4963",""
"Egypt","2012","Total","Female","50 - 54","2014","2396",""
"Egypt","2012","Total","Female","55 - 59","2014","1126",""
"Egypt","2012","Total","Female","60 - 64","2014","554",""
"Egypt","2012","Total","Female","65 - 69","2014","256",""
"Egypt","2012","Total","Female","70 - 74","2014","97",""
"Egypt","2012","Total","Female","75 +","2014","182",""
"Egypt","2012","Total","Female","Unknown","2014","3760",""
"Egypt","2011","Total","Male","Total","2013","823147",""
"Egypt","2011","Total","Male","18 - 19","2013","12230",""
"Egypt","2011","Total","Male","20 - 24","2013","198294",""
"Egypt","2011","Total","Male","25 - 29","2013","374698",""
"Egypt","2011","Total","Male","30 - 34","2013","152480",""
"Egypt","2011","Total","Male","35 - 39","2013","40768",""
"Egypt","2011","Total","Male","40 - 44","2013","18158",""
"Egypt","2011","Total","Male","45 - 49","2013","9468",""
"Egypt","2011","Total","Male","50 - 54","2013","5896",""
"Egypt","2011","Total","Male","55 - 59","2013","4037",""
"Egypt","2011","Total","Male","60 - 64","2013","2484",""
"Egypt","2011","Total","Male","65 - 69","2013","1287",""
"Egypt","2011","Total","Male","70 - 74","2013","710",""
"Egypt","2011","Total","Male","75 +","2013","598",""
"Egypt","2011","Total","Male","Unknown","2013","2039",""
"Egypt","2011","Total","Female","Total","2013","823781",""
"Egypt","2011","Total","Female","18 - 19","2013","199901",""
"Egypt","2011","Total","Female","20 - 24","2013","384704",""
"Egypt","2011","Total","Female","25 - 29","2013","161834",""
"Egypt","2011","Total","Female","30 - 34","2013","44759",""
"Egypt","2011","Total","Female","35 - 39","2013","15984",""
"Egypt","2011","Total","Female","40 - 44","2013","7112",""
"Egypt","2011","Total","Female","45 - 49","2013","3887",""
"Egypt","2011","Total","Female","50 - 54","2013","1902",""
"Egypt","2011","Total","Female","55 - 59","2013","750",""
"Egypt","2011","Total","Female","60 - 64","2013","336",""
"Egypt","2011","Total","Female","65 - 69","2013","136",""
"Egypt","2011","Total","Female","70 - 74","2013","86",""
"Egypt","2011","Total","Female","75 +","2013","173",""
"Egypt","2011","Total","Female","Unknown","2013","2217",""
"Egypt","2010","Total","Male","Total","2012","793705",""
"Egypt","2010","Total","Male","18 - 19","2012","14066",""
"Egypt","2010","Total","Male","20 - 24","2012","201830",""
"Egypt","2010","Total","Male","25 - 29","2012","350709",""
"Egypt","2010","Total","Male","30 - 34","2012","146434",""
"Egypt","2010","Total","Male","35 - 39","2012","39082",""
"Egypt","2010","Total","Male","40 - 44","2012","16052",""
"Egypt","2010","Total","Male","45 - 49","2012","9624",""
"Egypt","2010","Total","Male","50 - 54","2012","5904",""
"Egypt","2010","Total","Male","55 - 59","2012","3912",""
"Egypt","2010","Total","Male","60 - 64","2012","2432",""
"Egypt","2010","Total","Male","65 - 69","2012","1183",""
"Egypt","2010","Total","Male","70 - 74","2012","772",""
"Egypt","2010","Total","Male","75 +","2012","657",""
"Egypt","2010","Total","Male","Unknown","2012","1048",""
"Egypt","2010","Total","Female","Total","2012","796153",""
"Egypt","2010","Total","Female","18 - 19","2012","186986",""
"Egypt","2010","Total","Female","20 - 24","2012","384379",""
"Egypt","2010","Total","Female","25 - 29","2012","151273",""
"Egypt","2010","Total","Female","30 - 34","2012","42750",""
"Egypt","2010","Total","Female","35 - 39","2012","14962",""
"Egypt","2010","Total","Female","40 - 44","2012","7059",""
"Egypt","2010","Total","Female","45 - 49","2012","4053",""
"Egypt","2010","Total","Female","50 - 54","2012","1781",""
"Egypt","2010","Total","Female","55 - 59","2012","832",""
"Egypt","2010","Total","Female","60 - 64","2012","517",""
"Egypt","2010","Total","Female","65 - 69","2012","152",""
"Egypt","2010","Total","Female","70 - 74","2012","73",""
"Egypt","2010","Total","Female","75 +","2012","170",""
"Egypt","2010","Total","Female","Unknown","2012","1166",""
"Egypt","2009","Total","Male","Total","2011","696676",""
"Egypt","2009","Total","Male","18 - 19","2011","12397",""
"Egypt","2009","Total","Male","20 - 24","2011","183873",""
"Egypt","2009","Total","Male","25 - 29","2011","302206",""
"Egypt","2009","Total","Male","30 - 34","2011","127020",""
"Egypt","2009","Total","Male","35 - 39","2011","34513",""
"Egypt","2009","Total","Male","40 - 44","2011","14257",""
"Egypt","2009","Total","Male","45 - 49","2011","8723",""
"Egypt","2009","Total","Male","50 - 54","2011","5066",""
"Egypt","2009","Total","Male","55 - 59","2011","3523",""
"Egypt","2009","Total","Male","60 - 64","2011","2032",""
"Egypt","2009","Total","Male","65 - 69","2011","1144",""
"Egypt","2009","Total","Male","70 - 74","2011","748",""
"Egypt","2009","Total","Male","75 +","2011","636",""
"Egypt","2009","Total","Male","Unknown","2011","538",""
"Egypt","2009","Total","Female","Total","2011","702315",""
"Egypt","2009","Total","Female","18 - 19","2011","149763",""
"Egypt","2009","Total","Female","20 - 24","2011","359990",""
"Egypt","2009","Total","Female","25 - 29","2011","130130",""
"Egypt","2009","Total","Female","30 - 34","2011","36233",""
"Egypt","2009","Total","Female","35 - 39","2011","12878",""
"Egypt","2009","Total","Female","40 - 44","2011","6216",""
"Egypt","2009","Total","Female","45 - 49","2011","3514",""
"Egypt","2009","Total","Female","50 - 54","2011","1576",""
"Egypt","2009","Total","Female","55 - 59","2011","681",""
"Egypt","2009","Total","Female","60 - 64","2011","356",""
"Egypt","2009","Total","Female","65 - 69","2011","194",""
"Egypt","2009","Total","Female","70 - 74","2011","59",""
"Egypt","2009","Total","Female","75 +","2011","170",""
"Egypt","2009","Total","Female","Unknown","2011","555",""
"Egypt","2008","Total","Male","Total","2009","615577",""
"Egypt","2008","Total","Male","18 - 19","2009","11023",""
"Egypt","2008","Total","Male","20 - 24","2009","180109",""
"Egypt","2008","Total","Male","25 - 29","2009","260467",""
"Egypt","2008","Total","Male","30 - 34","2009","104465",""
"Egypt","2008","Total","Male","35 - 39","2009","28541",""
"Egypt","2008","Total","Male","40 - 44","2009","11084",""
"Egypt","2008","Total","Male","45 - 49","2009","6714",""
"Egypt","2008","Total","Male","50 - 54","2009","3735",""
"Egypt","2008","Total","Male","55 - 59","2009","2690",""
"Egypt","2008","Total","Male","60 - 64","2009","1540",""
"Egypt","2008","Total","Male","65 - 69","2009","968",""
"Egypt","2008","Total","Male","70 - 74","2009","535",""
"Egypt","2008","Total","Male","75 +","2009","457",""
"Egypt","2008","Total","Male","Unknown","2009","3249",""
"Egypt","2008","Total","Female","Total","2009","621465",""
"Egypt","2008","Total","Female","18 - 19","2009","140666",""
"Egypt","2008","Total","Female","20 - 24","2009","329824",""
"Egypt","2008","Total","Female","25 - 29","2009","101399",""
"Egypt","2008","Total","Female","30 - 34","2009","26464",""
"Egypt","2008","Total","Female","35 - 39","2009","9624",""
"Egypt","2008","Total","Female","40 - 44","2009","4936",""
"Egypt","2008","Total","Female","45 - 49","2009","2618",""
"Egypt","2008","Total","Female","50 - 54","2009","1196",""
"Egypt","2008","Total","Female","55 - 59","2009","742",""
"Egypt","2008","Total","Female","60 - 64","2009","252",""
"Egypt","2008","Total","Female","65 - 69","2009","131",""
"Egypt","2008","Total","Female","70 - 74","2009","54",""
"Egypt","2008","Total","Female","75 +","2009","162",""
"Egypt","2008","Total","Female","Unknown","2009","3397",""
"Egypt","2007","Total","Male","Total","2009","575469",""
"Egypt","2007","Total","Male","18 - 19","2009","12421",""
"Egypt","2007","Total","Male","20 - 24","2009","159103",""
"Egypt","2007","Total","Male","25 - 29","2009","240464",""
"Egypt","2007","Total","Male","30 - 34","2009","102075",""
"Egypt","2007","Total","Male","35 - 39","2009","28108",""
"Egypt","2007","Total","Male","40 - 44","2008","12130",""
"Egypt","2007","Total","Male","45 - 49","2008","6458",""
"Egypt","2007","Total","Male","50 - 54","2008","3859",""
"Egypt","2007","Total","Male","55 - 59","2008","2655",""
"Egypt","2007","Total","Male","60 - 64","2008","1429",""
"Egypt","2007","Total","Male","65 - 69","2008","973",""
"Egypt","2007","Total","Male","70 - 74","2008","548",""
"Egypt","2007","Total","Male","75 +","2008","469",""
"Egypt","2007","Total","Male","Unknown","2008","4777",""
"Egypt","2007","Total","Female","Total","2009","580721",""
"Egypt","2007","Total","Female","18 - 19","2009","180578",""
"Egypt","2007","Total","Female","20 - 24","2009","259092",""
"Egypt","2007","Total","Female","25 - 29","2009","91668",""
"Egypt","2007","Total","Female","30 - 34","2009","24494",""
"Egypt","2007","Total","Female","35 - 39","2009","9703",""
"Egypt","2007","Total","Female","40 - 44","2008","4765",""
"Egypt","2007","Total","Female","45 - 49","2008","2605",""
"Egypt","2007","Total","Female","50 - 54","2008","1141",""
"Egypt","2007","Total","Female","55 - 59","2008","617",""
"Egypt","2007","Total","Female","60 - 64","2008","255",""
"Egypt","2007","Total","Female","65 - 69","2008","122",""
"Egypt","2007","Total","Female","70 - 74","2008","66",""
"Egypt","2007","Total","Female","75 +","2008","121",""
"Egypt","2007","Total","Female","Unknown","2008","5494",""
"Egypt","2006","Total","Male","Total","2008","488027",""
"Egypt","2006","Total","Male","18 - 19","2008","10554",""
"Egypt","2006","Total","Male","20 - 24","2008","128046",""
"Egypt","2006","Total","Male","25 - 29","2008","207782",""
"Egypt","2006","Total","Male","30 - 34","2008","85555",""
"Egypt","2006","Total","Male","35 - 39","2008","24884",""
"Egypt","2006","Total","Male","40 - 44","2008","10845",""
"Egypt","2006","Total","Male","45 - 49","2008","5953",""
"Egypt","2006","Total","Male","50 - 54","2008","3816",""
"Egypt","2006","Total","Male","55 - 59","2008","2738",""
"Egypt","2006","Total","Male","60 - 64","2008","1704",""
"Egypt","2006","Total","Male","65 - 69","2008","1193",""
"Egypt","2006","Total","Male","70 - 74","2008","718",""
"Egypt","2006","Total","Male","75 +","2008","647",""
"Egypt","2006","Total","Male","Unknown","2008","3592",""
"Egypt","2006","Total","Female","Total","2008","494704",""
"Egypt","2006","Total","Female","18 - 19","2008","151084",""
"Egypt","2006","Total","Female","20 - 24","2008","222037",""
"Egypt","2006","Total","Female","25 - 29","2008","82193",""
"Egypt","2006","Total","Female","30 - 34","2008","19548",""
"Egypt","2006","Total","Female","35 - 39","2008","7209",""
"Egypt","2006","Total","Female","40 - 44","2008","3762",""
"Egypt","2006","Total","Female","45 - 49","2008","1857",""
"Egypt","2006","Total","Female","50 - 54","2008","1020",""
"Egypt","2006","Total","Female","55 - 59","2008","581",""
"Egypt","2006","Total","Female","60 - 64","2008","335",""
"Egypt","2006","Total","Female","65 - 69","2008","212",""
"Egypt","2006","Total","Female","70 - 74","2008","99",""
"Egypt","2006","Total","Female","75 +","2008","217",""
"Egypt","2006","Total","Female","Unknown","2008","4550",""
"Egypt","2005","Total","Male","Total","2008","484416",""
"Egypt","2005","Total","Male","18 - 19","2008","10878",""
"Egypt","2005","Total","Male","20 - 24","2008","126263",""
"Egypt","2005","Total","Male","25 - 29","2008","204497",""
"Egypt","2005","Total","Male","30 - 34","2008","89759",""
"Egypt","2005","Total","Male","35 - 39","2008","25458",""
"Egypt","2005","Total","Male","40 - 44","2008","10697",""
"Egypt","2005","Total","Male","45 - 49","2008","5251",""
"Egypt","2005","Total","Male","50 - 54","2008","3259",""
"Egypt","2005","Total","Male","55 - 59","2008","2064",""
"Egypt","2005","Total","Male","60 - 64","2008","1272",""
"Egypt","2005","Total","Male","65 - 69","2008","1052",""
"Egypt","2005","Total","Male","70 - 74","2008","561",""
"Egypt","2005","Total","Male","75 +","2008","584",""
"Egypt","2005","Total","Male","Unknown","2008","2821",""
"Egypt","2005","Total","Female","Total","2008","490051",""
"Egypt","2005","Total","Female","18 - 19","2008","141554",""
"Egypt","2005","Total","Female","20 - 24","2008","234970",""
"Egypt","2005","Total","Female","25 - 29","2008","74286",""
"Egypt","2005","Total","Female","30 - 34","2008","19624",""
"Egypt","2005","Total","Female","35 - 39","2008","7662",""
"Egypt","2005","Total","Female","40 - 44","2008","4058",""
"Egypt","2005","Total","Female","45 - 49","2008","2004",""
"Egypt","2005","Total","Female","50 - 54","2008","1022",""
"Egypt","2005","Total","Female","55 - 59","2008","540",""
"Egypt","2005","Total","Female","60 - 64","2008","300",""
"Egypt","2005","Total","Female","65 - 69","2008","176",""
"Egypt","2005","Total","Female","70 - 74","2008","89",""
"Egypt","2005","Total","Female","75 +","2008","172",""
"Egypt","2005","Total","Female","Unknown","2008","3594",""
"Egypt","2004","Total","Male","Total","2007","518612",""
"Egypt","2004","Total","Male","0 - 19","2007","171792",""
"Egypt","2004","Total","Male","20 - 24","2007","231358",""
"Egypt","2004","Total","Male","25 - 29","2007","75574",""
"Egypt","2004","Total","Male","30 - 34","2007","19245",""
"Egypt","2004","Total","Male","35 - 39","2007","7898",""
"Egypt","2004","Total","Male","40 - 44","2007","4153",""
"Egypt","2004","Total","Male","45 - 49","2007","2039",""
"Egypt","2004","Total","Male","50 - 54","2007","1181",""
"Egypt","2004","Total","Male","55 - 59","2007","637",""
"Egypt","2004","Total","Male","60 - 64","2007","340",""
"Egypt","2004","Total","Male","65 - 69","2007","186",""
"Egypt","2004","Total","Male","70 - 74","2007","112",""
"Egypt","2004","Total","Male","75 +","2007","289",""
"Egypt","2004","Total","Male","Unknown","2007","3808",""
"Egypt","2004","Total","Female","Total","2007","518612",""
"Egypt","2004","Total","Female","0 - 19","2007","171792",""
"Egypt","2004","Total","Female","20 - 24","2007","231358",""
"Egypt","2004","Total","Female","25 - 29","2007","75574",""
"Egypt","2004","Total","Female","30 - 34","2007","19245",""
"Egypt","2004","Total","Female","35 - 39","2007","7898",""
"Egypt","2004","Total","Female","40 - 44","2007","4153",""
"Egypt","2004","Total","Female","45 - 49","2007","2039",""
"Egypt","2004","Total","Female","50 - 54","2007","1181",""
"Egypt","2004","Total","Female","55 - 59","2007","637",""
"Egypt","2004","Total","Female","60 - 64","2007","340",""
"Egypt","2004","Total","Female","65 - 69","2007","186",""
"Egypt","2004","Total","Female","70 - 74","2007","112",""
"Egypt","2004","Total","Female","75 +","2007","289",""
"Egypt","2004","Total","Female","Unknown","2007","3808",""
"Egypt","1996","Total","Male","Total","1998","488861",""
"Egypt","1996","Total","Male","0 - 17","1998","15254",""
"Egypt","1996","Total","Male","18 - 19","1998","103633",""
"Egypt","1996","Total","Male","20 - 24","1998","180098",""
"Egypt","1996","Total","Male","25 - 29","1998","108670",""
"Egypt","1996","Total","Male","30 - 34","1998","36572",""
"Egypt","1996","Total","Male","35 - 39","1998","15803",""
"Egypt","1996","Total","Male","40 - 44","1998","9399",""
"Egypt","1996","Total","Male","45 - 49","1998","5731",""
"Egypt","1996","Total","Male","50 - 54","1998","4744",""
"Egypt","1996","Total","Male","55 - 59","1998","3677",""
"Egypt","1996","Total","Male","60 - 64","1998","2621",""
"Egypt","1996","Total","Male","65 - 69","1998","1590",""
"Egypt","1996","Total","Male","70 +","1998","957",""
"Egypt","1996","Total","Male","Unknown","1998","112",""
"Egypt","1996","Total","Female","Total","1998","488861",""
"Egypt","1996","Total","Female","0 - 17","1998","64269",""
"Egypt","1996","Total","Female","18 - 19","1998","134140",""
"Egypt","1996","Total","Female","20 - 24","1998","131922",""
"Egypt","1996","Total","Female","25 - 29","1998","128920",""
"Egypt","1996","Total","Female","30 - 34","1998","13737",""
"Egypt","1996","Total","Female","35 - 39","1998","7039",""
"Egypt","1996","Total","Female","40 - 44","1998","4116",""
"Egypt","1996","Total","Female","45 - 49","1998","1991",""
"Egypt","1996","Total","Female","50 - 54","1998","1106",""
"Egypt","1996","Total","Female","55 - 59","1998","635",""
"Egypt","1996","Total","Female","60 - 64","1998","388",""
"Egypt","1996","Total","Female","65 - 69","1998","196",""
"Egypt","1996","Total","Female","70 +","1998","341",""
"Egypt","1996","Total","Female","Unknown","1998","61",""
"Egypt","1995","Total","Male","Total","1998","470513",""
"Egypt","1995","Total","Male","0 - 17","1998","14446",""
"Egypt","1995","Total","Male","18 - 19","1998","99870",""
"Egypt","1995","Total","Male","20 - 24","1998","175204",""
"Egypt","1995","Total","Male","25 - 29","1998","104927",""
"Egypt","1995","Total","Male","30 - 34","1998","33772",""
"Egypt","1995","Total","Male","35 - 39","1998","14930",""
"Egypt","1995","Total","Male","40 - 44","1998","8799",""
"Egypt","1995","Total","Male","45 - 49","1998","5223",""
"Egypt","1995","Total","Male","50 - 54","1998","4910",""
"Egypt","1995","Total","Male","55 - 59","1998","3425",""
"Egypt","1995","Total","Male","60 - 64","1998","2516",""
"Egypt","1995","Total","Male","65 - 69","1998","1489",""
"Egypt","1995","Total","Male","70 +","1998","934",""
"Egypt","1995","Total","Male","Unknown","1998","68",""
"Egypt","1995","Total","Female","Total","1998","470513",""
"Egypt","1995","Total","Female","0 - 17","1998","62475",""
"Egypt","1995","Total","Female","18 - 19","1998","130649",""
"Egypt","1995","Total","Female","20 - 24","1998","130059",""
"Egypt","1995","Total","Female","25 - 29","1998","119581",""
"Egypt","1995","Total","Female","30 - 34","1998","12766",""
"Egypt","1995","Total","Female","35 - 39","1998","6535",""
"Egypt","1995","Total","Female","40 - 44","1998","3743",""
"Egypt","1995","Total","Female","45 - 49","1998","1821",""
"Egypt","1995","Total","Female","50 - 54","1998","1495",""
"Egypt","1995","Total","Female","55 - 59","1998","709",""
"Egypt","1995","Total","Female","60 - 64","1998","372",""
"Egypt","1995","Total","Female","65 - 69","1998","262",""
"Egypt","1995","Total","Female","70 +","1998","46",""
"Egypt","1995","Total","Female","Unknown","1998","0",""
"Egypt","1994","Total","Male","Total","1998","451817",""
"Egypt","1994","Total","Male","0 - 17","1998","15473",""
"Egypt","1994","Total","Male","18 - 19","1998","97182",""
"Egypt","1994","Total","Male","20 - 24","1998","167983",""
"Egypt","1994","Total","Male","25 - 29","1998","99275",""
"Egypt","1994","Total","Male","30 - 34","1998","30935",""
"Egypt","1994","Total","Male","35 - 39","1998","14273",""
"Egypt","1994","Total","Male","40 - 44","1998","8008",""
"Egypt","1994","Total","Male","45 - 49","1998","5343",""
"Egypt","1994","Total","Male","50 - 54","1998","4290",""
"Egypt","1994","Total","Male","55 - 59","1998","3646",""
"Egypt","1994","Total","Male","60 - 64","1998","2453",""
"Egypt","1994","Total","Male","65 - 69","1998","1980",""
"Egypt","1994","Total","Male","70 +","1998","886",""
"Egypt","1994","Total","Male","Unknown","1998","90",""
"Egypt","1994","Total","Female","Total","1998","451817",""
"Egypt","1994","Total","Female","0 - 17","1998","50764",""
"Egypt","1994","Total","Female","18 - 19","1998","179591",""
"Egypt","1994","Total","Female","20 - 24","1998","168858",""
"Egypt","1994","Total","Female","25 - 29","1998","27575",""
"Egypt","1994","Total","Female","30 - 34","1998","11184",""
"Egypt","1994","Total","Female","35 - 39","1998","6331",""
"Egypt","1994","Total","Female","40 - 44","1998","3632",""
"Egypt","1994","Total","Female","45 - 49","1998","1808",""
"Egypt","1994","Total","Female","50 - 54","1998","905",""
"Egypt","1994","Total","Female","55 - 59","1998","515",""
"Egypt","1994","Total","Female","60 - 64","1998","286",""
"Egypt","1994","Total","Female","65 - 69","1998","283",""
"Egypt","1994","Total","Female","70 +","1998","85",""
"Egypt","1994","Total","Female","Unknown","1998","0",""
"Egypt","1993","Total","Male","Total","1996","381811",""
"Egypt","1993","Total","Male","0 - 19","1996","5965",""
"Egypt","1993","Total","Male","20 - 24","1996","70307",""
"Egypt","1993","Total","Male","25 - 29","1996","155239",""
"Egypt","1993","Total","Male","30 - 34","1996","103458",""
"Egypt","1993","Total","Male","35 - 39","1996","27009",""
"Egypt","1993","Total","Male","40 - 44","1996","8317",""
"Egypt","1993","Total","Male","45 - 49","1996","3232",""
"Egypt","1993","Total","Male","50 - 54","1996","1984",""
"Egypt","1993","Total","Male","55 +","1996","5644",""
"Egypt","1993","Total","Male","Unknown","1996","656",""
"Egypt","1993","Total","Female","Total","1996","387293",""
"Egypt","1993","Total","Female","0 - 19","1996","115961",""
"Egypt","1993","Total","Female","20 - 24","1996","165039",""
"Egypt","1993","Total","Female","25 - 29","1996","71538",""
"Egypt","1993","Total","Female","30 - 34","1996","21699",""
"Egypt","1993","Total","Female","35 - 39","1996","6381",""
"Egypt","1993","Total","Female","40 - 44","1996","2980",""
"Egypt","1993","Total","Female","45 - 49","1996","1420",""
"Egypt","1993","Total","Female","50 - 54","1996","770",""
"Egypt","1993","Total","Female","55 +","1996","1505",""
"Egypt","1993","Total","Female","Unknown","1996","0",""
"Egypt","1992","Total","Male","Total","1996","346559",""
"Egypt","1992","Total","Male","0 - 19","1996","12747",""
"Egypt","1992","Total","Male","20 - 24","1996","79983",""
"Egypt","1992","Total","Male","25 - 29","1996","149062",""
"Egypt","1992","Total","Male","30 - 34","1996","71171",""
"Egypt","1992","Total","Male","35 - 39","1996","17747",""
"Egypt","1992","Total","Male","40 - 44","1996","5590",""
"Egypt","1992","Total","Male","45 - 49","1996","2497",""
"Egypt","1992","Total","Male","50 - 54","1996","1649",""
"Egypt","1992","Total","Male","55 +","1996","6030",""
"Egypt","1992","Total","Male","Unknown","1996","83",""
"Egypt","1992","Total","Female","Total","1996","351796",""
"Egypt","1992","Total","Female","0 - 19","1996","134758",""
"Egypt","1992","Total","Female","20 - 24","1996","139750",""
"Egypt","1992","Total","Female","25 - 29","1996","51448",""
"Egypt","1992","Total","Female","30 - 34","1996","14997",""
"Egypt","1992","Total","Female","35 - 39","1996","4582",""
"Egypt","1992","Total","Female","40 - 44","1996","2171",""
"Egypt","1992","Total","Female","45 - 49","1996","877",""
"Egypt","1992","Total","Female","50 - 54","1996","552",""
"Egypt","1992","Total","Female","55 +","1996","2661",""
"Egypt","1992","Total","Female","Unknown","1996","0",""
"Egypt","1991","Total","Male","Total","1996","351851",""
"Egypt","1991","Total","Male","0 - 19","1996","15254",""
"Egypt","1991","Total","Male","20 - 24","1996","85748",""
"Egypt","1991","Total","Male","25 - 29","1996","146508",""
"Egypt","1991","Total","Male","30 - 34","1996","70565",""
"Egypt","1991","Total","Male","35 - 39","1996","19072",""
"Egypt","1991","Total","Male","40 - 44","1996","6268",""
"Egypt","1991","Total","Male","45 - 49","1996","2712",""
"Egypt","1991","Total","Male","50 - 54","1996","1958",""
"Egypt","1991","Total","Male","55 +","1996","3766",""
"Egypt","1991","Total","Male","Unknown","1996","0",""
"Egypt","1991","Total","Female","Total","1996","360736",""
"Egypt","1991","Total","Female","0 - 19","1996","140746",""
"Egypt","1991","Total","Female","20 - 24","1996","137562",""
"Egypt","1991","Total","Female","25 - 29","1996","54908",""
"Egypt","1991","Total","Female","30 - 34","1996","15801",""
"Egypt","1991","Total","Female","35 - 39","1996","5650",""
"Egypt","1991","Total","Female","40 - 44","1996","2801",""
"Egypt","1991","Total","Female","45 - 49","1996","1216",""
"Egypt","1991","Total","Female","50 - 54","1996","793",""
"Egypt","1991","Total","Female","55 +","1996","1259",""
"Egypt","1991","Total","Female","Unknown","1996","0",""
"Egypt","1990","Total","Male","Total","1995","359342",""
"Egypt","1990","Total","Male","0 - 19","1995","15072",""
"Egypt","1990","Total","Male","20 - 24","1995","87849",""
"Egypt","1990","Total","Male","25 - 29","1995","148573",""
"Egypt","1990","Total","Male","30 - 34","1995","68679",""
"Egypt","1990","Total","Male","35 - 39","1995","19762",""
"Egypt","1990","Total","Male","40 - 44","1995","7123",""
"Egypt","1990","Total","Male","45 - 49","1995","3247",""
"Egypt","1990","Total","Male","50 - 54","1995","2549",""
"Egypt","1990","Total","Male","55 +","1995","4981",""
"Egypt","1990","Total","Male","Unknown","1995","1507",""
"Egypt","1990","Total","Female","Total","1995","369926",""
"Egypt","1990","Total","Female","0 - 19","1995","136743",""
"Egypt","1990","Total","Female","20 - 24","1995","138288",""
"Egypt","1990","Total","Female","25 - 29","1995","59274",""
"Egypt","1990","Total","Female","30 - 34","1995","17326",""
"Egypt","1990","Total","Female","35 - 39","1995","6627",""
"Egypt","1990","Total","Female","40 - 44","1995","3139",""
"Egypt","1990","Total","Female","45 - 49","1995","1658",""
"Egypt","1990","Total","Female","50 - 54","1995","1036",""
"Egypt","1990","Total","Female","55 +","1995","3209",""
"Egypt","1990","Total","Female","Unknown","1995","2626",""
"Egypt","1989","Total","Male","Total","1994","345539",""
"Egypt","1989","Total","Male","0 - 19","1994","18284",""
"Egypt","1989","Total","Male","20 - 24","1994","93180",""
"Egypt","1989","Total","Male","25 - 29","1994","136105",""
"Egypt","1989","Total","Male","30 - 34","1994","61113",""
"Egypt","1989","Total","Male","35 - 39","1994","19250",""
"Egypt","1989","Total","Male","40 - 44","1994","6297",""
"Egypt","1989","Total","Male","45 - 49","1994","3168",""
"Egypt","1989","Total","Male","50 - 54","1994","2196",""
"Egypt","1989","Total","Male","55 +","1994","4507",""
"Egypt","1989","Total","Male","Unknown","1994","1439",""
"Egypt","1989","Total","Female","Total","1994","354459",""
"Egypt","1989","Total","Female","0 - 19","1994","144125",""
"Egypt","1989","Total","Female","20 - 24","1994","125480",""
"Egypt","1989","Total","Female","25 - 29","1994","54458",""
"Egypt","1989","Total","Female","30 - 34","1994","14751",""
"Egypt","1989","Total","Female","35 - 39","1994","6164",""
"Egypt","1989","Total","Female","40 - 44","1994","2583",""
"Egypt","1989","Total","Female","45 - 49","1994","1393",""
"Egypt","1989","Total","Female","50 - 54","1994","901",""
"Egypt","1989","Total","Female","55 +","1994","2690",""
"Egypt","1989","Total","Female","Unknown","1994","1914",""
"Egypt","1987","Total","Male","Total","1992","352132",""
"Egypt","1987","Total","Male","0 - 19","1992","20726",""
"Egypt","1987","Total","Male","20 - 24","1992","102503",""
"Egypt","1987","Total","Male","25 - 29","1992","136103",""
"Egypt","1987","Total","Male","30 - 34","1992","60833",""
"Egypt","1987","Total","Male","35 - 39","1992","17321",""
"Egypt","1987","Total","Male","40 - 44","1992","5095",""
"Egypt","1987","Total","Male","45 - 49","1992","3252",""
"Egypt","1987","Total","Male","50 - 54","1992","1825",""
"Egypt","1987","Total","Male","55 +","1992","3658",""
"Egypt","1987","Total","Male","Unknown","1992","816",""
"Egypt","1987","Total","Female","Total","1992","360745",""
"Egypt","1987","Total","Female","0 - 19","1992","155244",""
"Egypt","1987","Total","Female","20 - 24","1992","130925",""
"Egypt","1987","Total","Female","25 - 29","1992","50935",""
"Egypt","1987","Total","Female","30 - 34","1992","12384",""
"Egypt","1987","Total","Female","35 - 39","1992","4715",""
"Egypt","1987","Total","Female","40 - 44","1992","1894",""
"Egypt","1987","Total","Female","45 - 49","1992","1158",""
"Egypt","1987","Total","Female","50 - 54","1992","681",""
"Egypt","1987","Total","Female","55 +","1992","1194",""
"Egypt","1987","Total","Female","Unknown","1992","1615",""
"Egypt","1986","Total","Male","Total","1991","351736",""
"Egypt","1986","Total","Male","0 - 19","1991","23322",""
"Egypt","1986","Total","Male","20 - 24","1991","103710",""
"Egypt","1986","Total","Male","25 - 29","1991","131896",""
"Egypt","1986","Total","Male","30 - 34","1991","60589",""
"Egypt","1986","Total","Male","35 - 39","1991","16700",""
"Egypt","1986","Total","Male","40 - 44","1991","5131",""
"Egypt","1986","Total","Male","45 - 49","1991","3442",""
"Egypt","1986","Total","Male","50 - 54","1991","1986",""
"Egypt","1986","Total","Male","55 +","1991","4829",""
"Egypt","1986","Total","Male","Unknown","1991","131",""
"Egypt","1986","Total","Female","Total","1991","361366",""
"Egypt","1986","Total","Female","0 - 19","1991","159269",""
"Egypt","1986","Total","Female","20 - 24","1991","129101",""
"Egypt","1986","Total","Female","25 - 29","1991","47892",""
"Egypt","1986","Total","Female","30 - 34","1991","12635",""
"Egypt","1986","Total","Female","35 - 39","1991","5021",""
"Egypt","1986","Total","Female","40 - 44","1991","1903",""
"Egypt","1986","Total","Female","45 - 49","1991","1295",""
"Egypt","1986","Total","Female","50 - 54","1991","769",""
"Egypt","1986","Total","Female","55 +","1991","3451",""
"Egypt","1986","Total","Female","Unknown","1991","30",""
"Egypt","1985","Total","Male","Total","1991","357305",""
"Egypt","1985","Total","Male","0 - 19","1991","26737",""
"Egypt","1985","Total","Male","20 - 24","1991","106364",""
"Egypt","1985","Total","Male","25 - 29","1991","131395",""
"Egypt","1985","Total","Male","30 - 34","1991","59196",""
"Egypt","1985","Total","Male","35 - 39","1991","16694",""
"Egypt","1985","Total","Male","40 - 44","1991","5436",""
"Egypt","1985","Total","Male","45 - 49","1991","3596",""
"Egypt","1985","Total","Male","50 - 54","1991","2284",""
"Egypt","1985","Total","Male","55 +","1991","5478",""
"Egypt","1985","Total","Male","Unknown","1991","125",""
"Egypt","1985","Total","Female","Total","1991","368614",""
"Egypt","1985","Total","Female","0 - 19","1991","163894",""
"Egypt","1985","Total","Female","20 - 24","1991","131713",""
"Egypt","1985","Total","Female","25 - 29","1991","47500",""
"Egypt","1985","Total","Female","30 - 34","1991","12665",""
"Egypt","1985","Total","Female","35 - 39","1991","4607",""
"Egypt","1985","Total","Female","40 - 44","1991","1948",""
"Egypt","1985","Total","Female","45 - 49","1991","1210",""
"Egypt","1985","Total","Female","50 - 54","1991","860",""
"Egypt","1985","Total","Female","55 +","1991","4183",""
"Egypt","1985","Total","Female","Unknown","1991","34",""
"Egypt","1984","Total","Male","Total","1991","358843",""
"Egypt","1984","Total","Male","0 - 19","1991","30481",""
"Egypt","1984","Total","Male","20 - 24","1991","112895",""
"Egypt","1984","Total","Male","25 - 29","1991","126953",""
"Egypt","1984","Total","Male","30 - 34","1991","58784",""
"Egypt","1984","Total","Male","35 - 39","1991","15213",""
"Egypt","1984","Total","Male","40 - 44","1991","5241",""
"Egypt","1984","Total","Male","45 - 49","1991","2848",""
"Egypt","1984","Total","Male","50 - 54","1991","1993",""
"Egypt","1984","Total","Male","55 +","1991","4326",""
"Egypt","1984","Total","Male","Unknown","1991","109",""
"Egypt","1984","Total","Female","Total","1991","369378",""
"Egypt","1984","Total","Female","0 - 19","1991","178946",""
"Egypt","1984","Total","Female","20 - 24","1991","128742",""
"Egypt","1984","Total","Female","25 - 29","1991","39621",""
"Egypt","1984","Total","Female","30 - 34","1991","11823",""
"Egypt","1984","Total","Female","35 - 39","1991","3430",""
"Egypt","1984","Total","Female","40 - 44","1991","1604",""
"Egypt","1984","Total","Female","45 - 49","1991","924",""
"Egypt","1984","Total","Female","50 - 54","1991","667",""
"Egypt","1984","Total","Female","55 +","1991","3602",""
"Egypt","1984","Total","Female","Unknown","1991","19",""
"Egypt","1978","Total","Male","Total","1982","301587",""
"Egypt","1978","Total","Male","0 - 19","1982","29894",""
"Egypt","1978","Total","Male","20 - 24","1982","99629",""
"Egypt","1978","Total","Male","25 - 29","1982","105575",""
"Egypt","1978","Total","Male","30 - 34","1982","39539",""
"Egypt","1978","Total","Male","35 - 39","1982","12473",""
"Egypt","1978","Total","Male","40 - 44","1982","4610",""
"Egypt","1978","Total","Male","45 - 49","1982","2694",""
"Egypt","1978","Total","Male","50 - 54","1982","1633",""
"Egypt","1978","Total","Male","55 +","1982","2001",""
"Egypt","1978","Total","Male","Unknown","1982","3539",""
"Egypt","1978","Total","Female","Total","1982","314380",""
"Egypt","1978","Total","Female","0 - 19","1982","166363",""
"Egypt","1978","Total","Female","20 - 24","1982","91648",""
"Egypt","1978","Total","Female","25 - 29","1982","33304",""
"Egypt","1978","Total","Female","30 - 34","1982","6487",""
"Egypt","1978","Total","Female","35 - 39","1982","2288",""
"Egypt","1978","Total","Female","40 - 44","1982","994",""
"Egypt","1978","Total","Female","45 - 49","1982","660",""
"Egypt","1978","Total","Female","50 - 54","1982","473",""
"Egypt","1978","Total","Female","55 +","1982","1992",""
"Egypt","1978","Total","Female","Unknown","1982","10171",""
"Egypt","1977","Total","Male","Total","1982","298995",""
"Egypt","1977","Total","Male","0 - 19","1982","28625",""
"Egypt","1977","Total","Male","20 - 24","1982","103595",""
"Egypt","1977","Total","Male","25 - 29","1982","101252",""
"Egypt","1977","Total","Male","30 - 34","1982","38334",""
"Egypt","1977","Total","Male","35 - 39","1982","13374",""
"Egypt","1977","Total","Male","40 - 44","1982","4949",""
"Egypt","1977","Total","Male","45 - 49","1982","2838",""
"Egypt","1977","Total","Male","50 - 54","1982","1605",""
"Egypt","1977","Total","Male","55 +","1982","1883",""
"Egypt","1977","Total","Male","Unknown","1982","2540",""
"Egypt","1977","Total","Female","Total","1982","311990",""
"Egypt","1977","Total","Female","0 - 19","1982","167453",""
"Egypt","1977","Total","Female","20 - 24","1982","91369",""
"Egypt","1977","Total","Female","25 - 29","1982","31998",""
"Egypt","1977","Total","Female","30 - 34","1982","5917",""
"Egypt","1977","Total","Female","35 - 39","1982","2725",""
"Egypt","1977","Total","Female","40 - 44","1982","1086",""
"Egypt","1977","Total","Female","45 - 49","1982","748",""
"Egypt","1977","Total","Female","50 - 54","1982","432",""
"Egypt","1977","Total","Female","55 +","1982","995",""
"Egypt","1977","Total","Female","Unknown","1982","9267",""
"Egypt","1976","Total","Male","Total","1982","318449",""
"Egypt","1976","Total","Male","0 - 19","1982","30626",""
"Egypt","1976","Total","Male","20 - 24","1982","117052",""
"Egypt","1976","Total","Male","25 - 29","1982","105159",""
"Egypt","1976","Total","Male","30 - 34","1982","37139",""
"Egypt","1976","Total","Male","35 - 39","1982","13963",""
"Egypt","1976","Total","Male","40 - 44","1982","5185",""
"Egypt","1976","Total","Male","45 - 49","1982","3125",""
"Egypt","1976","Total","Male","50 - 54","1982","1792",""
"Egypt","1976","Total","Male","55 +","1982","2075",""
"Egypt","1976","Total","Male","Unknown","1982","2333",""
"Egypt","1976","Total","Female","Total","1982","331491",""
"Egypt","1976","Total","Female","0 - 19","1982","179535",""
"Egypt","1976","Total","Female","20 - 24","1982","101597",""
"Egypt","1976","Total","Female","25 - 29","1982","31225",""
"Egypt","1976","Total","Female","30 - 34","1982","5684",""
"Egypt","1976","Total","Female","35 - 39","1982","2247",""
"Egypt","1976","Total","Female","40 - 44","1982","1118",""
"Egypt","1976","Total","Female","45 - 49","1982","832",""
"Egypt","1976","Total","Female","50 - 54","1982","520",""
"Egypt","1976","Total","Female","55 +","1982","1024",""
"Egypt","1976","Total","Female","Unknown","1982","7709",""
"Egypt","1975","Total","Male","Total","1980","308027",""
"Egypt","1975","Total","Male","0 - 19","1980","50628",""
"Egypt","1975","Total","Male","20 - 24","1980","120941",""
"Egypt","1975","Total","Male","25 - 29","1980","86374",""
"Egypt","1975","Total","Male","30 - 34","1980","28306",""
"Egypt","1975","Total","Male","35 - 39","1980","10310",""
"Egypt","1975","Total","Male","40 - 44","1980","4397",""
"Egypt","1975","Total","Male","45 - 49","1980","2343",""
"Egypt","1975","Total","Male","50 - 54","1980","1319",""
"Egypt","1975","Total","Male","55 +","1980","1237",""
"Egypt","1975","Total","Male","Unknown","1980","2172",""
"Egypt","1975","Total","Female","Total","1980","321321",""
"Egypt","1975","Total","Female","0 - 19","1980","208258",""
"Egypt","1975","Total","Female","20 - 24","1980","78773",""
"Egypt","1975","Total","Female","25 - 29","1980","18903",""
"Egypt","1975","Total","Female","30 - 34","1980","3533",""
"Egypt","1975","Total","Female","35 - 39","1980","1402",""
"Egypt","1975","Total","Female","40 - 44","1980","788",""
"Egypt","1975","Total","Female","45 - 49","1980","464",""
"Egypt","1975","Total","Female","50 - 54","1980","267",""
"Egypt","1975","Total","Female","55 +","1980","243",""
"Egypt","1975","Total","Female","Unknown","1980","8690",""
"Egypt","1974","Total","Male","Total","1980","294058",""
"Egypt","1974","Total","Male","0 - 19","1980","26819",""
"Egypt","1974","Total","Male","20 - 24","1980","114989",""
"Egypt","1974","Total","Male","25 - 29","1980","95467",""
"Egypt","1974","Total","Male","30 - 34","1980","33448",""
"Egypt","1974","Total","Male","35 - 39","1980","11867",""
"Egypt","1974","Total","Male","40 - 44","1980","4894",""
"Egypt","1974","Total","Male","45 - 49","1980","2240",""
"Egypt","1974","Total","Male","50 - 54","1980","1214",""
"Egypt","1974","Total","Male","55 +","1980","1264",""
"Egypt","1974","Total","Male","Unknown","1980","1856",""
"Egypt","1974","Total","Female","Total","1980","307629",""
"Egypt","1974","Total","Female","0 - 19","1980","166344",""
"Egypt","1974","Total","Female","20 - 24","1980","102475",""
"Egypt","1974","Total","Female","25 - 29","1980","23340",""
"Egypt","1974","Total","Female","30 - 34","1980","4120",""
"Egypt","1974","Total","Female","35 - 39","1980","1541",""
"Egypt","1974","Total","Female","40 - 44","1980","800",""
"Egypt","1974","Total","Female","45 - 49","1980","494",""
"Egypt","1974","Total","Female","50 - 54","1980","362",""
"Egypt","1974","Total","Female","55 +","1980","318",""
"Egypt","1974","Total","Female","Unknown","1980","7835",""
"Egypt","1973","Total","Male","Total","1979","264377",""
"Egypt","1973","Total","Male","0 - 19","1979","26498",""
"Egypt","1973","Total","Male","20 - 24","1979","102837",""
"Egypt","1973","Total","Male","25 - 29","1979","82599",""
"Egypt","1973","Total","Male","30 - 34","1979","30398",""
"Egypt","1973","Total","Male","35 - 39","1979","11268",""
"Egypt","1973","Total","Male","40 - 44","1979","4740",""
"Egypt","1973","Total","Male","45 - 49","1979","2103",""
"Egypt","1973","Total","Male","50 - 54","1979","1216",""
"Egypt","1973","Total","Male","55 +","1979","1097",""
"Egypt","1973","Total","Male","Unknown","1979","1621",""
"Egypt","1973","Total","Female","Total","1979","277893",""
"Egypt","1973","Total","Female","0 - 19","1979","154683",""
"Egypt","1973","Total","Female","20 - 24","1979","88561",""
"Egypt","1973","Total","Female","25 - 29","1979","20366",""
"Egypt","1973","Total","Female","30 - 34","1979","4030",""
"Egypt","1973","Total","Female","35 - 39","1979","1454",""
"Egypt","1973","Total","Female","40 - 44","1979","832",""
"Egypt","1973","Total","Female","45 - 49","1979","505",""
"Egypt","1973","Total","Female","50 - 54","1979","328",""
"Egypt","1973","Total","Female","55 +","1979","240",""
"Egypt","1973","Total","Female","Unknown","1979","6894",""

